houseid,ntrip,hhsize,num0to4,num5to21,numadult,numwork,numdrive,income,numcars
1,0,2,0,0,2,1,0,7500,0
14,10,2,0,0,2,0,2,27500,1
15,4,4,1,0,3,0,0,40565,2
16,0,2,0,0,2,1,1,7500,2
17,8,4,0,2,2,2,2,57500,2
28,21,5,0,1,4,3,3,40565,3
30,10,4,0,2,2,1,2,32500,2
45,6,2,0,0,2,0,1,67500,2
48,12,4,0,2,2,1,1,52500,2
49,6,2,0,0,2,1,1,17500,2
51,14,6,0,1,5,5,5,100000,5
65,6,2,0,0,2,2,2,32500,2
78,6,2,0,0,2,2,2,72500,2
99,2,1,0,0,1,1,1,40565,2
111,0,4,0,2,2,1,2,37500,2
116,12,4,0,2,2,3,3,40565,3
118,9,3,0,1,2,2,1,22500,1
126,2,2,0,0,2,1,2,27500,1
141,0,3,1,0,2,1,2,40565,2
145,19,3,0,1,2,3,2,27500,1
157,9,2,1,0,1,1,1,22500,1
201,0,3,0,1,2,0,1,40565,0
212,32,7,0,5,2,2,2,40565,3
217,4,3,0,0,3,1,1,40565,3
229,7,4,2,0,2,1,2,32500,2
241,12,4,2,0,2,1,2,67500,1
243,0,1,0,0,1,0,1,40565,1
259,4,1,0,0,1,1,1,40565,1
264,3,2,0,0,2,0,2,40565,1
280,7,5,0,0,5,2,2,22500,2
282,6,3,0,0,3,2,2,40565,1
283,3,1,0,0,1,1,1,32500,2
286,7,4,0,2,2,1,1,100000,2
289,5,3,0,0,3,1,1,100000,4
291,2,1,0,0,1,1,0,40565,0
297,8,3,0,0,3,1,2,27500,2
298,0,1,0,0,1,0,1,12500,1
307,22,3,0,1,2,3,3,40565,3
329,13,4,0,2,2,3,3,100000,5
331,8,4,0,2,2,2,2,57500,2
343,6,4,2,0,2,2,2,47500,2
373,10,2,0,0,2,2,2,57500,2
389,9,1,0,0,1,1,1,37500,0
395,2,10,3,3,4,2,3,42500,1
402,16,3,0,1,2,2,1,42500,1
405,10,2,0,0,2,2,2,47500,3
408,2,2,0,1,1,1,1,36153,1
415,23,5,0,3,2,1,3,72500,3
431,2,1,0,0,1,1,1,100000,1
444,3,1,0,0,1,1,1,27500,1
454,0,1,0,0,1,0,0,43371,0
474,4,1,0,0,1,0,1,7500,1
476,5,2,0,0,2,2,2,47500,2
487,4,2,0,0,2,1,2,43371,2
505,8,4,0,2,2,1,1,47500,2
517,11,4,0,2,2,3,1,43371,1
519,5,2,0,0,2,2,2,47500,2
540,16,4,0,2,2,0,2,77500,2
547,0,1,0,0,1,0,1,43371,1
551,3,5,0,3,2,3,3,57500,3
552,7,3,0,1,2,0,2,42500,1
564,14,5,0,2,3,2,2,43371,2
579,7,4,0,0,4,3,2,43371,5
590,12,5,0,3,2,2,2,27500,2
612,6,6,0,4,2,3,4,43371,3
623,22,7,1,4,2,4,4,62500,3
638,4,3,0,1,2,1,2,43371,2
639,5,5,0,1,4,1,1,100000,3
642,8,2,0,0,2,1,2,43371,3
648,7,3,0,1,2,1,1,43371,3
651,5,1,0,0,1,1,1,22500,1
653,12,4,2,0,2,1,2,37500,2
665,8,5,0,0,5,3,5,43371,4
672,4,2,0,0,2,1,2,43371,3
674,5,1,0,0,1,1,1,43371,1
684,6,2,0,1,1,1,2,32500,2
690,0,2,0,0,2,0,2,17500,2
694,2,1,0,0,1,0,1,22500,1
698,0,1,0,0,1,0,1,43371,0
716,8,3,0,1,2,3,3,52500,2
733,4,2,0,0,2,1,2,57500,2
739,6,1,0,0,1,1,1,22500,1
758,5,3,0,1,2,3,3,100000,4
767,15,4,0,2,2,2,2,43371,3
804,4,1,0,0,1,1,1,27500,0
814,5,2,0,0,2,2,2,17500,2
828,2,1,0,0,1,1,1,7500,1
841,7,2,0,0,2,2,2,47500,2
884,4,3,0,0,3,2,3,43371,3
909,6,2,0,0,2,2,2,100000,2
911,10,3,0,0,3,2,2,37500,4
913,5,4,0,0,4,2,2,100000,3
918,2,3,0,0,3,1,1,43371,1
936,9,5,1,2,2,1,1,100000,2
954,4,1,0,0,1,0,1,12500,1
977,8,4,0,3,1,1,3,22500,1
995,8,3,0,1,2,1,1,43371,2
1001,9,3,0,0,3,2,3,100000,2
1008,4,2,0,0,2,0,1,43371,1
1010,16,5,2,1,2,1,2,43371,2
1016,10,2,0,0,2,0,2,43371,1
1053,0,2,0,0,2,0,2,43371,2
1057,2,1,0,0,1,1,1,37500,1
1067,6,2,0,0,2,1,2,37500,2
1081,10,3,0,2,1,1,1,27500,1
1082,2,2,0,1,1,1,2,43371,2
1085,7,2,0,0,2,2,2,67500,2
1102,2,1,0,0,1,0,0,43371,0
1111,2,1,0,0,1,1,1,22500,1
1127,3,1,0,0,1,0,1,43371,1
1138,15,5,0,2,3,3,4,32500,2
1140,8,4,2,0,2,1,1,43371,3
1148,4,2,0,0,2,1,2,43371,2
1173,5,1,0,0,1,0,1,43371,1
1219,8,4,2,0,2,2,2,22500,2
1276,16,5,0,3,2,2,2,42500,2
1288,2,2,0,0,2,2,2,77500,2
1302,5,1,0,0,1,0,1,57500,2
1307,13,4,1,1,2,2,2,32500,1
1311,2,1,0,0,1,0,1,12500,1
1314,3,3,0,1,2,1,2,100000,3
1321,4,1,0,0,1,0,1,32500,1
1336,2,1,0,0,1,1,1,22500,2
1340,10,3,0,1,2,2,2,32500,2
1365,2,1,0,0,1,1,1,27500,1
1402,0,2,0,0,2,1,1,47500,2
1404,4,2,0,0,2,2,2,43371,1
1407,4,2,0,0,2,2,2,37500,2
1408,21,4,0,2,2,2,2,43371,5
1415,4,1,0,0,1,1,1,43371,1
1438,16,4,0,2,2,2,2,72500,2
1442,6,3,0,1,2,2,2,43371,2
1454,6,2,0,0,2,0,1,43371,1
1469,6,3,1,0,2,1,2,32500,2
1493,4,1,0,0,1,0,1,7500,1
1500,9,4,1,1,2,2,2,43371,2
1506,2,2,0,0,2,1,1,12500,1
1507,0,1,0,0,1,0,0,43371,0
1509,6,3,1,0,2,1,2,17500,3
1510,5,3,0,0,3,2,2,43371,2
1511,0,2,0,0,2,0,1,7500,0
1546,0,2,0,0,2,1,1,43371,1
1550,8,3,1,0,2,1,2,72500,3
1567,12,4,0,2,2,2,2,47500,2
1577,2,5,1,3,1,1,1,22500,1
1578,2,2,0,0,2,2,2,42500,2
1585,10,6,2,0,4,2,4,47500,4
1596,6,2,0,0,2,0,2,43371,1
1598,2,2,0,0,2,1,1,43371,2
1602,16,6,1,3,2,1,2,47500,2
1621,6,3,0,1,2,1,2,43371,1
1627,11,3,1,0,2,2,2,77500,2
1642,7,2,0,0,2,2,2,37500,2
1643,7,2,0,0,2,2,2,37500,2
1664,11,2,0,0,2,0,2,43371,2
1686,2,2,0,0,2,2,2,57500,2
1688,3,1,0,0,1,0,1,22500,1
1691,0,1,0,0,1,0,1,43371,1
1716,1,1,0,0,1,1,1,43371,1
1732,4,4,0,0,4,2,4,43371,3
1738,4,4,0,0,4,3,3,77500,4
1754,14,3,0,1,2,2,2,52500,2
1763,6,4,0,2,2,2,2,57500,3
1764,0,2,0,0,2,0,2,43371,1
1765,4,2,0,0,2,0,2,43371,2
1768,29,6,0,2,4,2,3,100000,4
1773,0,5,2,1,2,1,2,47500,2
1777,2,1,0,0,1,1,1,32500,2
1803,9,3,0,1,2,1,2,43371,2
1804,4,3,1,0,2,1,2,43371,2
1814,5,2,0,0,2,2,1,2500,1
1819,15,4,0,0,4,2,4,47500,4
1820,10,5,1,1,3,4,4,43371,3
1840,6,1,0,0,1,1,1,57500,1
1854,13,2,0,0,2,2,2,37500,2
1870,6,2,0,0,2,2,2,43371,2
1884,6,3,0,1,2,2,3,52500,3
1894,22,3,0,1,2,2,2,100000,2
1896,27,4,0,2,2,2,3,100000,2
1906,6,2,0,0,2,2,2,52500,2
1918,2,2,0,0,2,2,2,100000,2
1921,2,2,0,0,2,0,2,43371,2
1928,2,3,0,1,2,1,2,43371,1
1931,3,1,0,0,1,1,1,43371,1
1940,9,5,0,0,5,0,4,43371,1
1972,2,2,0,0,2,0,2,43371,2
1986,5,1,0,0,1,1,1,52500,1
1989,9,3,1,0,2,1,1,22500,2
1992,26,4,0,2,2,1,2,42500,3
1994,4,3,0,0,3,1,2,42500,3
2048,18,3,0,1,2,1,2,43371,2
2050,8,3,0,1,2,2,2,47500,2
2057,21,2,0,0,2,2,2,32500,2
2107,4,2,0,0,2,1,1,43371,2
2116,0,2,0,0,2,0,0,22500,0
2120,6,2,0,0,2,1,2,2500,2
2122,6,2,0,1,1,0,1,43371,1
2123,7,6,3,1,2,1,2,42500,2
2125,2,4,2,0,2,1,2,43371,1
2126,0,1,0,0,1,0,0,2500,0
2145,4,2,0,0,2,1,1,27500,5
2147,0,1,0,0,1,0,1,27500,1
2157,18,3,0,1,2,2,2,47500,2
2160,12,4,0,2,2,2,2,22500,2
2161,2,1,0,0,1,0,1,43371,1
2200,4,1,0,0,1,1,1,17500,1
2208,0,2,0,0,2,0,1,43371,1
2215,7,1,0,0,1,1,1,17500,1
2226,7,3,0,1,2,1,1,43371,4
2245,6,2,0,0,2,1,1,47500,3
2248,4,2,0,0,2,2,2,62500,2
2272,4,2,0,0,2,1,2,43371,2
2279,20,5,2,1,2,2,2,100000,2
2290,2,2,0,0,2,1,0,2500,0
2322,4,3,1,0,2,2,2,52500,1
2323,10,4,0,3,1,3,3,43371,3
2336,12,4,0,1,3,2,2,43371,2
2344,0,1,0,0,1,1,1,43371,1
2346,8,5,0,4,1,1,1,22500,1
2351,3,3,0,0,3,3,3,100000,3
2352,2,2,0,0,2,1,2,17500,2
2355,6,2,0,0,2,1,2,22500,2
2365,12,4,0,3,1,1,1,17500,1
2370,8,3,0,0,3,2,2,57500,1
2380,14,4,0,2,2,1,3,100000,3
2384,5,2,0,0,2,1,2,43371,2
2389,20,4,0,2,2,2,2,62500,2
2398,10,3,0,0,3,1,2,43371,1
2435,6,2,0,0,2,0,2,27500,2
2444,4,2,0,0,2,2,2,27500,2
2510,4,1,0,0,1,0,1,43371,1
2521,5,3,0,0,3,2,2,43371,3
2527,0,2,0,0,2,1,1,43371,2
2528,4,3,0,0,3,0,3,43371,3
2532,0,1,0,0,1,0,0,43371,0
2537,2,3,0,1,2,1,1,22500,2
2552,2,4,1,1,2,1,2,32500,2
2572,4,1,0,0,1,1,1,27500,1
2582,13,3,0,1,2,2,3,47500,4
2591,14,3,0,0,3,3,3,43371,3
2593,5,1,0,0,1,0,1,43371,1
2598,2,1,0,0,1,1,1,12500,2
2604,8,4,1,1,2,1,2,43371,2
2633,5,2,0,0,2,2,2,17500,2
2637,10,4,0,0,4,4,4,100000,4
2679,4,2,0,0,2,0,2,32500,2
2682,11,3,0,1,2,3,3,100000,3
2690,8,2,0,0,2,2,2,43371,2
2717,8,2,0,0,2,2,2,100000,2
2761,4,2,0,0,2,1,1,7500,1
2767,8,2,0,0,2,2,2,32500,3
2783,14,3,0,1,2,2,2,57500,3
2785,11,3,0,2,1,1,2,37500,3
2819,7,2,0,1,1,1,1,12500,1
2845,8,2,0,0,2,0,2,12500,2
2853,2,2,0,0,2,2,2,100000,3
2868,0,2,0,0,2,0,1,31005,2
2891,6,4,0,2,2,3,3,31005,2
2893,5,2,0,0,2,2,2,12500,2
2913,0,1,0,0,1,0,1,2500,1
2928,13,4,0,2,2,2,2,37500,2
2955,2,2,0,0,2,1,2,27500,2
2963,0,1,0,0,1,0,1,31005,1
2967,0,2,0,0,2,1,1,12500,1
2979,2,4,2,0,2,1,2,32500,2
2981,6,4,1,1,2,2,2,27500,2
2986,0,1,0,0,1,0,1,31005,3
2991,8,4,0,2,2,2,2,32500,3
2993,19,2,0,0,2,2,2,42500,2
2996,11,3,0,1,2,1,2,17500,2
2999,0,1,0,0,1,0,0,7500,0
3024,13,4,0,2,2,3,3,32500,2
3050,0,4,2,0,2,1,2,32500,1
3062,0,1,0,0,1,0,1,7500,2
3064,5,1,0,0,1,0,1,7500,1
3078,4,2,0,0,2,1,2,47500,2
3084,6,1,0,0,1,1,1,27500,1
3111,2,2,0,0,2,0,2,39593,2
3116,6,2,0,0,2,1,1,39593,2
3133,6,1,0,0,1,1,1,17500,1
3134,8,4,0,2,2,3,4,37500,3
3171,2,1,0,0,1,0,1,32500,2
3210,12,7,0,4,3,1,2,39593,1
3211,5,4,2,0,2,2,2,39593,2
3215,4,1,0,0,1,0,1,17500,1
3219,3,1,0,0,1,1,1,17500,1
3248,4,1,0,0,1,1,0,22500,0
3252,3,1,0,0,1,0,1,39593,1
3258,4,2,0,0,2,2,2,39593,4
3285,18,5,0,2,3,2,2,62500,4
3288,12,5,1,2,2,1,2,22500,2
3301,2,2,0,0,2,2,2,39593,2
3320,8,2,0,0,2,1,1,39593,2
3332,4,1,0,0,1,1,1,32500,1
3364,4,2,0,0,2,2,1,17500,1
3366,9,2,0,0,2,2,2,42500,2
3380,6,4,1,1,2,2,2,17500,2
3383,0,2,0,0,2,0,1,43371,2
3392,8,1,0,0,1,1,1,42500,1
3412,4,1,0,0,1,1,1,17500,1
3422,4,1,0,0,1,1,1,7500,1
3444,6,2,0,0,2,1,1,43371,2
3477,0,2,0,0,2,0,1,2500,2
3481,9,2,0,0,2,1,1,43371,2
3504,0,2,0,0,2,0,2,17500,4
3507,2,2,0,0,2,1,2,35789,1
3527,4,1,0,0,1,1,1,12500,1
3552,5,1,0,0,1,1,1,7500,1
3565,0,1,0,0,1,1,1,7500,1
3569,7,1,0,0,1,0,1,7500,1
3576,3,1,0,0,1,0,1,17500,2
3578,2,2,0,0,2,1,2,37500,1
3581,2,1,0,0,1,1,1,17500,3
3597,0,1,0,0,1,0,1,7500,1
3598,2,1,0,0,1,1,1,22500,1
3626,4,4,0,2,2,1,1,100000,2
3685,8,4,0,2,2,1,2,39593,2
3690,2,5,2,0,3,1,2,57500,2
3699,7,2,0,0,2,0,2,27500,1
3701,4,1,0,0,1,1,1,17500,0
3704,16,4,0,1,3,1,3,39593,3
3707,4,2,0,0,2,2,2,39593,3
3736,13,3,1,0,2,1,2,37500,3
3737,12,5,0,3,2,1,2,47500,3
3752,18,2,0,0,2,0,1,27500,2
3755,5,2,0,0,2,1,1,27500,0
3768,0,1,0,0,1,0,0,40565,0
3776,6,5,1,3,1,1,0,7500,0
3784,0,1,0,0,1,0,0,7500,0
3831,7,5,0,3,2,2,1,37500,2
3854,3,2,0,0,2,1,0,22500,0
3861,1,2,0,0,2,0,0,7500,0
3862,9,2,0,0,2,2,2,27500,1
3876,3,1,0,0,1,1,1,100000,1
3881,4,4,0,2,2,1,1,67500,1
3882,2,2,1,0,1,1,0,17500,0
3895,0,1,0,0,1,1,1,40565,0
3941,5,2,0,0,2,2,2,67500,0
3947,0,1,0,0,1,1,0,22500,0
3965,8,1,0,0,1,0,1,62500,0
3966,6,2,0,0,2,1,1,37500,0
3972,4,5,1,1,3,2,0,40565,0
3973,4,2,0,1,1,1,1,72500,0
3976,0,1,0,0,1,0,1,7500,0
3977,4,3,1,0,2,2,2,37500,1
3983,0,5,0,3,2,1,1,40565,0
3986,2,2,0,0,2,2,1,40565,0
3997,2,6,1,2,3,1,3,40565,2
4010,12,2,0,0,2,2,2,100000,1
4011,0,1,0,0,1,0,0,2500,0
4012,4,2,0,0,2,0,0,7500,0
4015,6,2,0,0,2,2,2,57500,0
4019,4,3,0,1,2,0,0,7500,0
4037,4,1,0,0,1,0,1,7500,1
4064,0,1,0,0,1,1,0,7500,0
4086,7,4,0,0,4,4,3,42500,3
4088,20,4,0,3,1,0,1,2500,1
4116,3,1,0,0,1,1,1,22500,1
4137,12,6,1,4,1,0,1,17500,1
4155,19,5,1,2,2,1,2,62500,2
4176,2,1,0,0,1,1,1,100000,1
4196,5,2,0,0,2,1,1,39593,2
4211,4,4,1,1,2,2,0,12500,1
4227,2,2,0,0,2,1,2,12500,2
4239,9,4,2,0,2,1,2,37500,2
4247,4,2,0,0,2,2,2,39593,4
4248,10,3,0,1,2,1,3,57500,3
4256,5,1,0,0,1,1,1,7500,1
4271,4,6,1,2,3,1,2,52500,2
4274,7,6,2,1,3,2,2,12500,1
4282,2,1,0,0,1,0,1,17500,1
4299,0,1,0,0,1,0,0,12500,0
4301,6,2,0,0,2,1,2,2500,2
4327,8,4,1,1,2,2,2,57500,2
4339,0,3,1,0,2,2,2,39593,2
4361,4,2,0,0,2,2,2,39593,1
4363,0,1,0,0,1,1,1,42500,1
4393,8,2,0,1,1,1,1,17500,2
4442,2,2,0,0,2,0,2,32100,2
4467,10,2,0,0,2,1,2,37500,3
4468,21,4,1,2,1,1,1,12500,1
4488,15,4,0,2,2,1,2,37500,3
4498,0,1,0,0,1,1,1,12500,1
4501,0,1,0,0,1,0,1,62500,1
4510,4,2,0,0,2,2,2,67500,3
4513,2,1,0,0,1,1,1,17500,1
4521,0,1,0,0,1,0,1,37500,1
4557,2,2,1,0,1,1,1,32100,0
4558,4,1,0,0,1,0,1,12500,1
4586,0,1,0,0,1,0,1,7500,1
4593,6,2,0,0,2,0,2,12500,3
4594,0,3,0,0,3,2,2,32100,2
4600,7,2,0,0,2,2,2,32500,2
4607,15,4,0,3,1,0,0,2500,0
4609,7,6,0,3,3,3,3,32500,3
4610,7,3,0,0,3,2,1,40565,0
4640,12,3,0,0,3,1,2,40565,1
4646,2,1,0,0,1,0,1,12500,1
4649,4,3,1,0,2,1,2,32500,2
4663,2,2,0,0,2,1,1,37500,2
4679,4,1,0,0,1,0,0,7500,0
4701,17,4,0,2,2,1,2,32500,1
4705,6,2,0,0,2,1,2,17500,1
4708,13,3,0,0,3,2,3,32500,3
4716,4,2,0,0,2,0,2,17500,1
4724,24,4,0,1,3,2,0,27500,0
4739,2,1,0,0,1,0,1,7500,0
4753,24,5,0,2,3,2,2,100000,3
4760,4,2,0,0,2,1,2,67500,2
4777,12,2,0,0,2,2,2,42500,2
4779,2,1,0,0,1,1,1,40565,1
4780,6,3,0,1,2,2,2,40565,2
4830,4,3,0,1,2,2,2,100000,3
4831,13,2,0,0,2,2,1,17500,0
4832,4,3,0,0,3,3,3,62500,1
4834,4,3,0,0,3,2,2,40565,3
4851,8,4,0,2,2,0,0,7500,0
4855,2,3,0,0,3,0,0,40565,1
4861,13,6,1,3,2,1,2,27500,2
4870,4,4,0,2,2,0,1,57500,2
4871,4,2,0,0,2,2,2,27500,2
4875,6,2,0,0,2,2,2,47500,2
4877,10,2,0,0,2,2,2,40565,2
4939,10,1,0,0,1,1,1,67500,1
4940,6,1,0,0,1,1,1,12500,1
4950,5,3,0,0,3,2,3,35571,2
4954,3,4,0,2,2,1,1,35571,2
4956,2,1,0,0,1,0,1,7500,1
4964,2,2,0,0,2,1,2,35571,3
4993,10,3,1,0,2,2,2,27500,1
5022,3,1,0,0,1,0,1,7500,1
5034,3,1,0,0,1,0,1,2500,0
5042,2,3,0,0,3,1,0,2500,0
5048,4,2,0,0,2,0,1,12500,1
5052,25,3,0,1,2,2,2,52500,3
5054,17,4,0,2,2,2,2,100000,2
5089,14,4,0,2,2,2,2,37500,2
5094,8,4,0,2,2,3,3,35571,4
5095,10,3,0,0,3,1,3,67500,3
5104,32,4,0,2,2,1,1,42500,2
5105,3,3,1,0,2,2,2,35571,1
5109,5,3,0,1,2,1,1,35571,2
5125,10,1,0,0,1,1,1,2500,0
5140,0,2,0,0,2,0,1,12500,1
5154,5,6,0,4,2,0,1,7500,1
5156,6,3,0,0,3,1,2,17500,2
5161,4,2,0,0,2,0,2,37500,2
5186,31,6,0,2,4,3,5,100000,5
5189,6,3,0,1,2,2,2,27500,3
5197,17,2,0,0,2,1,2,100000,2
5222,4,1,0,0,1,0,1,7500,1
5229,5,3,0,0,3,2,2,22500,2
5236,9,5,0,3,2,2,2,35571,1
5246,4,1,0,0,1,0,1,7500,1
5252,6,2,0,0,2,1,1,35571,1
5266,13,4,0,0,4,0,3,42500,2
5273,0,1,0,0,1,0,0,22500,0
5284,5,2,0,0,2,2,2,47500,2
5285,4,4,2,0,2,1,2,32500,2
5292,8,4,1,1,2,2,2,52500,2
5293,11,3,1,0,2,2,2,27500,2
5303,14,3,0,0,3,2,3,62500,4
5309,10,2,0,0,2,1,2,17500,1
5312,9,5,0,2,3,3,5,35571,5
5314,15,6,0,4,2,2,2,47500,4
5315,10,10,1,7,2,1,5,37500,6
5343,0,1,0,0,1,0,0,12500,0
5346,0,2,0,0,2,0,2,37500,1
5358,6,2,0,0,2,1,1,27500,1
5360,2,1,0,0,1,0,0,32665,0
5367,12,3,0,0,3,2,3,7500,4
5385,6,2,0,0,2,0,2,17500,1
5388,6,4,0,1,3,2,3,37500,3
5389,9,2,0,0,2,0,1,17500,1
5391,11,4,1,1,2,2,2,52500,2
5404,4,4,2,0,2,1,2,32500,3
5407,11,2,0,0,2,1,2,52500,2
5451,5,2,0,0,2,2,2,22500,2
5458,13,4,1,1,2,1,2,35571,1
5473,11,2,0,0,2,2,2,47500,4
5483,4,2,0,0,2,2,2,37500,2
5515,14,3,0,1,2,1,2,27500,2
5516,5,4,0,2,2,1,1,37500,2
5537,8,2,0,1,1,1,1,22500,1
5538,8,2,0,0,2,1,2,7500,1
5539,4,4,0,0,4,0,2,37500,2
5541,8,6,0,3,3,1,2,52500,1
5544,3,2,0,0,2,1,1,36153,2
5547,10,5,0,0,5,2,4,67500,4
5553,0,1,0,0,1,0,0,17500,0
5554,7,2,0,0,2,2,2,22500,2
5564,2,1,0,0,1,0,0,27500,0
5566,15,3,0,2,1,1,1,36153,1
5567,4,2,0,0,2,1,1,100000,4
5568,10,3,0,0,3,1,3,62500,3
5571,8,4,0,2,2,2,3,57500,2
5584,0,2,0,0,2,0,0,36153,1
5597,2,2,0,0,2,1,1,17500,1
5613,0,1,0,0,1,0,1,36153,1
5621,8,3,1,0,2,2,2,67500,2
5636,10,2,0,0,2,2,2,37500,2
5680,3,3,0,0,3,1,1,36153,1
5706,0,1,0,0,1,0,1,36153,1
5715,9,2,0,0,2,2,2,52500,2
5748,8,4,1,1,2,1,2,62500,2
5769,2,1,0,0,1,0,1,22500,1
5775,4,1,0,0,1,0,1,36153,1
5810,6,3,1,0,2,2,2,72500,2
5822,7,5,0,3,2,5,5,100000,3
5825,5,2,0,0,2,0,2,100000,2
5847,0,1,0,0,1,1,1,37500,3
5849,10,3,0,0,3,3,3,32500,3
5862,7,2,0,0,2,0,2,27500,2
5867,8,4,0,1,3,4,4,67500,5
5893,2,2,0,0,2,1,2,37500,3
5916,6,4,0,2,2,1,1,32500,2
5920,2,2,0,1,1,2,2,27500,2
5924,2,2,0,0,2,1,1,35789,2
5928,12,3,1,1,1,1,1,100000,1
5931,10,2,0,0,2,1,2,57500,1
5934,24,4,0,2,2,2,2,42500,2
5939,9,2,0,0,2,0,2,27500,1
5940,0,1,0,0,1,1,1,35789,1
5950,4,2,0,0,2,1,2,37500,1
5958,20,3,0,2,1,1,1,47500,2
5964,7,1,0,0,1,1,1,22500,1
5973,24,4,0,2,2,2,2,47500,2
5976,0,2,0,0,2,0,1,37500,1
5977,8,2,0,0,2,0,2,35789,3
5983,5,5,2,1,2,1,1,12500,2
5985,6,2,0,0,2,2,2,77500,2
6036,14,3,0,1,2,2,2,52500,2
6058,7,3,0,1,2,2,2,27500,2
6065,4,2,0,0,2,2,2,67500,3
6091,14,2,0,1,1,0,1,12500,2
6100,0,2,0,0,2,1,2,35789,2
6106,6,2,0,0,2,2,2,42500,2
6110,7,2,0,0,2,2,2,42500,3
6119,2,4,1,1,2,1,1,7500,1
6121,3,1,0,0,1,1,1,22500,2
6127,24,6,1,3,2,1,2,100000,2
6154,14,5,0,1,4,0,1,36153,2
6159,6,4,1,1,2,2,3,36153,1
6191,6,2,0,0,2,2,2,37500,2
6196,0,1,0,0,1,0,1,36153,2
6204,4,2,0,0,2,1,2,36153,3
6205,3,2,0,0,2,2,2,52500,2
6216,4,1,0,0,1,1,1,17500,1
6221,13,3,0,1,2,2,3,32500,3
6222,6,2,0,0,2,1,2,12500,2
6235,4,2,0,0,2,2,2,7500,1
6236,0,2,0,0,2,1,2,36153,1
6239,0,1,0,0,1,1,1,17500,1
6266,4,2,0,0,2,1,1,37500,1
6275,4,2,0,0,2,0,1,100000,1
6276,5,1,0,0,1,1,1,32500,1
6279,18,3,0,1,2,1,2,100000,2
6296,24,5,0,3,2,2,2,36153,2
6325,9,2,0,0,2,0,2,27500,3
6329,8,5,1,0,4,3,4,22500,1
6345,8,5,1,2,2,0,2,36153,2
6355,9,5,1,2,2,2,2,22500,1
6375,4,1,0,0,1,1,1,7500,0
6384,4,2,0,0,2,1,1,36153,2
6388,4,4,1,0,3,1,2,36153,2
6389,2,4,0,1,3,1,1,32500,3
6407,6,3,0,0,3,0,1,37500,0
6419,14,6,1,2,3,2,2,100000,2
6426,3,3,0,0,3,1,1,36153,2
6439,9,4,0,2,2,2,3,42500,4
6459,5,1,0,0,1,1,1,22500,1
6460,2,1,0,0,1,1,1,22500,2
6465,20,5,1,2,2,1,2,27500,3
6472,30,4,0,2,2,1,2,67500,2
6475,9,4,0,3,1,2,3,22500,2
6482,8,3,1,0,2,2,2,27500,2
6502,2,2,0,0,2,1,1,42500,2
6503,20,4,1,1,2,2,2,42500,2
6530,6,5,2,1,2,1,2,35571,2
6536,3,1,0,0,1,0,1,35571,1
6540,10,4,0,2,2,1,2,35571,2
6547,6,2,0,0,2,0,2,35571,2
6553,6,2,0,0,2,2,2,42500,2
6562,9,3,0,1,2,2,2,37500,1
6572,4,5,0,0,5,0,1,7500,0
6606,8,1,0,0,1,0,1,22500,0
6657,0,3,0,0,3,1,1,17500,1
6664,8,5,1,3,1,1,2,100000,3
6691,4,2,0,0,2,1,2,22500,2
6699,22,5,0,2,3,3,2,27500,3
6716,2,2,1,0,1,1,1,7500,0
6719,7,2,0,0,2,1,2,22500,2
6750,11,3,0,1,2,2,2,47500,3
6751,0,1,0,0,1,0,0,7500,0
6753,7,2,0,1,1,2,2,35571,2
6764,2,1,0,0,1,1,1,22500,1
6774,4,2,0,0,2,2,2,57500,2
6797,0,2,0,0,2,0,2,35571,2
6815,9,5,1,2,2,1,2,32500,2
6827,20,4,0,2,2,2,2,42500,2
6828,19,4,1,1,2,1,2,100000,2
6848,11,5,2,1,2,2,2,67500,2
6852,14,4,0,0,4,4,4,27500,4
6853,5,2,0,0,2,0,1,17500,1
6872,12,2,0,0,2,1,2,57500,2
6886,2,2,0,0,2,1,1,32500,3
6917,0,3,2,0,1,0,1,7500,0
6937,7,3,0,1,2,2,2,35571,2
6948,4,3,0,2,1,1,1,37500,1
6950,0,1,0,0,1,0,0,7500,0
6952,4,4,0,2,2,1,1,47500,2
6963,0,5,0,0,5,1,4,35571,3
7008,10,2,0,0,2,2,2,47500,2
7025,2,1,0,0,1,1,1,42500,1
7029,5,2,0,0,2,2,2,35571,2
7059,6,1,0,0,1,1,1,12500,1
7063,4,2,0,0,2,2,2,57500,3
7073,0,3,0,1,2,2,3,35571,3
7078,0,3,0,2,1,1,0,7500,0
7085,1,1,0,0,1,1,1,37500,1
7086,2,1,0,0,1,1,1,35571,1
7108,14,4,0,2,2,2,2,62500,2
7115,0,1,0,0,1,0,1,47500,1
7126,4,1,0,0,1,1,1,17500,1
7147,26,5,0,3,2,2,2,42500,2
7161,20,4,0,2,2,3,3,42500,4
7162,0,1,0,0,1,0,0,2500,0
7182,4,2,0,0,2,1,1,27500,2
7186,14,2,0,0,2,2,2,2500,2
7190,8,4,1,1,2,1,2,32665,3
7209,2,4,0,1,3,1,3,32665,1
7221,0,1,0,0,1,0,0,42500,0
7252,0,1,0,0,1,0,0,22500,0
7254,4,2,0,0,2,0,1,12500,1
7270,7,3,1,0,2,2,2,37500,2
7275,2,2,0,0,2,1,1,32665,1
7296,0,2,0,0,2,2,2,7500,1
7306,9,1,0,0,1,0,1,12500,1
7312,17,4,0,1,3,3,3,52500,3
7317,4,2,0,0,2,0,1,22500,0
7355,11,3,0,1,2,2,2,57500,2
7378,13,5,1,1,3,0,3,17500,3
7384,4,2,0,0,2,1,2,57500,2
7385,4,3,1,0,2,2,2,100000,2
7398,6,3,1,0,2,1,2,47500,2
7404,19,5,1,2,2,2,2,22500,2
7406,4,2,1,0,1,1,1,7500,0
7423,8,2,0,0,2,0,2,40565,1
7438,13,2,0,0,2,1,2,40565,2
7439,9,4,0,1,3,2,2,37500,2
7463,4,2,0,0,2,0,2,42500,1
7469,6,4,2,0,2,1,2,37500,2
7471,0,2,0,0,2,0,1,12500,1
7475,9,3,0,0,3,1,2,40565,2
7492,2,1,0,0,1,0,1,17500,1
7514,0,2,0,0,2,0,2,32665,2
7519,13,2,0,0,2,0,2,17500,2
7531,6,2,0,0,2,1,2,32665,2
7536,0,2,0,0,2,0,0,12500,1
7574,7,2,0,0,2,2,2,12500,3
7586,4,2,0,0,2,0,2,100000,2
7619,6,2,0,0,2,0,2,17500,1
7641,0,1,0,0,1,1,1,17500,1
7650,21,4,0,2,2,2,2,42500,2
7675,32,5,0,3,2,2,3,35571,2
7676,2,2,0,0,2,0,1,35571,2
7677,11,3,0,0,3,1,3,35571,4
7688,3,2,0,0,2,1,1,62500,2
7691,2,3,1,0,2,2,2,35571,2
7703,2,3,0,0,3,1,2,7500,2
7706,8,3,0,2,1,0,1,17500,1
7720,1,1,0,0,1,0,1,35571,1
7734,23,4,0,2,2,2,2,100000,2
7739,4,1,0,0,1,1,1,35571,1
7744,18,6,1,3,2,1,2,35571,2
7753,5,1,0,0,1,1,1,35571,1
7760,2,1,0,0,1,0,0,12500,0
7766,0,1,0,0,1,0,1,37500,1
7767,2,1,0,0,1,1,1,37500,1
7778,8,2,0,0,2,2,2,35571,2
7781,13,3,0,2,1,3,3,35571,2
7805,2,2,0,0,2,2,2,35571,2
7820,0,4,1,1,2,1,2,7500,1
7823,5,2,0,0,2,1,1,32500,2
7840,3,5,1,0,4,3,3,35571,2
7850,14,3,0,1,2,1,2,22500,1
7872,0,2,0,0,2,0,2,35571,2
7876,2,3,0,1,2,1,1,35571,2
7877,3,1,0,0,1,1,1,22500,2
7886,0,1,0,0,1,1,1,37500,1
7905,0,1,0,0,1,0,1,17500,1
7913,2,4,2,0,2,1,2,27500,1
7920,15,4,0,2,2,2,2,100000,2
7929,9,2,0,0,2,1,2,35571,2
7935,6,2,0,0,2,1,1,17500,1
7936,26,7,0,4,3,5,4,100000,4
7943,28,9,0,1,8,5,4,62500,3
7967,6,2,0,0,2,2,2,35571,2
7980,4,1,0,0,1,0,1,2500,1
7995,2,4,0,0,4,1,1,35571,4
8004,0,1,0,0,1,0,0,22500,0
8007,8,5,0,1,4,3,4,22500,2
8022,12,3,0,2,1,2,2,35571,3
8023,3,3,0,1,2,1,2,17500,1
8028,4,2,0,0,2,1,2,22500,0
8031,12,3,0,1,2,2,2,62500,2
8047,9,4,2,0,2,2,2,35571,2
8052,6,1,0,0,1,0,1,35571,2
8055,7,3,1,0,2,2,2,27500,2
8060,2,2,0,0,2,0,2,7500,1
8076,4,3,0,1,2,2,2,7500,1
8094,4,1,0,0,1,1,1,35571,1
8099,7,3,0,2,1,1,1,35571,1
8110,10,2,0,0,2,2,2,37500,2
8121,9,2,0,0,2,2,2,17500,2
8125,8,4,0,2,2,2,3,42500,2
8154,15,3,0,2,1,1,1,32500,1
8161,4,2,0,0,2,2,2,35571,2
8163,6,1,0,0,1,1,1,17500,1
8166,7,2,0,0,2,1,1,52500,2
8178,12,2,0,0,2,0,2,35571,2
8204,0,3,2,0,1,0,0,2500,0
8226,4,1,0,0,1,0,1,12500,1
8263,10,4,1,1,2,2,2,42500,2
8271,8,1,0,0,1,1,1,17500,1
8277,3,2,0,0,2,1,1,17500,2
8278,0,2,0,0,2,0,2,7500,1
8280,0,2,0,0,2,0,2,42500,2
8283,10,5,0,3,2,0,3,17500,1
8286,17,4,1,1,2,2,2,47500,2
8290,2,1,0,0,1,1,1,35571,1
8294,11,5,1,2,2,1,2,37500,2
8297,0,1,0,0,1,0,1,35571,1
8299,2,2,0,0,2,1,1,22500,1
8322,6,2,0,0,2,2,2,35571,2
8333,9,2,0,0,2,1,2,42500,2
8346,5,6,1,1,4,1,2,57500,2
8348,9,2,0,1,1,1,2,67500,5
8351,4,2,0,0,2,0,2,12500,1
8361,3,1,0,0,1,1,1,42500,1
8363,5,2,0,0,2,1,1,57500,2
8373,0,2,0,0,2,0,2,12500,2
8382,12,3,0,1,2,1,2,67500,2
8387,16,3,0,0,3,3,3,35571,3
8397,6,2,0,0,2,2,2,62500,2
8398,2,2,0,0,2,0,2,35571,2
8432,2,2,0,0,2,0,2,32500,2
8478,25,7,0,5,2,2,3,62500,3
8479,0,2,0,0,2,0,1,12500,1
8481,7,2,0,0,2,2,2,72500,3
8499,0,1,0,0,1,1,1,37500,1
8520,2,1,0,0,1,0,1,27500,1
8530,4,2,0,0,2,1,2,52500,2
8551,4,4,1,1,2,1,1,12500,1
8560,4,3,1,0,2,2,2,35571,2
8579,6,1,0,0,1,0,1,22500,1
8585,6,7,3,2,2,1,1,27500,2
8588,0,2,0,0,2,0,2,17500,1
8595,16,4,0,2,2,1,3,47500,2
8614,7,2,0,0,2,0,2,7500,2
8617,8,4,0,1,3,1,2,52500,2
8634,3,1,0,0,1,0,1,32500,1
8641,0,1,0,0,1,0,1,7500,1
8643,8,3,1,0,2,2,1,7500,0
8646,0,1,0,0,1,0,0,2500,0
8649,19,4,1,1,2,2,2,37500,1
8673,8,2,0,0,2,2,2,7500,2
8682,15,4,0,2,2,2,2,67500,4
8691,3,1,0,0,1,1,1,47500,1
8692,3,1,0,0,1,1,1,12500,1
8701,9,4,1,1,2,2,2,27500,3
8712,8,4,0,2,2,1,2,27500,3
8718,10,5,0,2,3,4,4,32500,5
8727,0,3,0,1,2,1,1,32100,2
8730,4,5,2,1,2,1,2,17500,1
8733,4,2,0,1,1,1,1,32500,1
8736,9,3,1,0,2,2,2,17500,1
8754,8,2,0,0,2,0,1,32500,1
8756,4,4,0,2,2,2,2,32500,2
8757,3,3,0,1,2,1,1,17500,1
8767,15,4,0,2,2,2,2,22500,1
8781,4,1,0,0,1,1,1,37500,1
8808,6,6,1,3,2,1,3,32100,2
8812,6,2,0,0,2,1,2,32500,2
8828,2,2,0,0,2,1,2,12500,2
8830,7,3,1,0,2,2,2,42500,2
8844,5,1,0,0,1,1,1,17500,1
8846,0,1,0,0,1,0,1,32665,1
8851,3,1,0,0,1,1,1,7500,1
8861,2,3,1,0,2,1,1,37500,2
8867,0,1,0,0,1,0,1,12500,1
8879,20,4,0,2,2,3,3,32665,2
8882,8,5,0,3,2,2,2,72500,2
8902,12,1,0,0,1,1,1,27500,1
8917,4,1,0,0,1,1,1,43371,1
8920,5,1,0,0,1,1,1,57500,1
8923,6,3,0,1,2,2,1,27500,1
8937,3,1,0,0,1,0,0,12500,0
8952,10,5,0,1,4,1,4,22500,4
8954,0,1,0,0,1,0,1,7500,1
8957,2,2,0,0,2,2,2,43371,2
8992,4,2,0,0,2,2,2,43371,2
9016,4,2,0,0,2,0,2,32665,2
9027,7,3,0,1,2,1,1,32665,2
9042,8,3,1,0,2,2,2,12500,2
9045,13,5,1,2,2,1,1,22500,2
9055,10,2,0,0,2,2,2,52500,2
9081,3,1,0,0,1,0,1,7500,1
9092,0,1,0,0,1,0,1,7500,1
9104,6,3,1,0,2,2,2,27500,2
9105,2,3,1,0,2,1,2,27500,2
9115,0,3,0,0,3,0,0,36153,2
9139,3,4,1,0,3,1,1,36153,3
9153,13,1,0,0,1,0,1,7500,1
9190,2,3,1,0,2,1,2,67500,2
9193,5,1,0,0,1,1,1,36153,2
9206,18,4,0,2,2,1,1,36153,3
9208,9,2,0,0,2,2,2,100000,2
9226,0,3,1,0,2,1,1,42500,2
9230,0,2,0,0,2,0,1,72500,2
9231,4,2,0,0,2,2,2,17500,2
9247,4,1,0,0,1,1,1,32500,1
9248,2,2,0,0,2,0,2,7500,3
9250,20,4,0,2,2,1,2,37500,3
9251,24,3,0,1,2,0,2,17500,1
9270,4,2,0,0,2,0,2,57500,3
9288,4,2,0,0,2,0,2,37500,3
9289,4,2,0,0,2,0,2,37500,3
9297,5,2,0,0,2,2,2,32500,2
9300,3,1,0,0,1,0,1,2500,1
9311,2,4,0,2,2,1,2,36153,2
9315,6,3,0,0,3,3,3,32500,3
9329,11,2,0,0,2,1,2,2500,2
9348,10,2,0,0,2,2,2,77500,2
9352,9,1,0,0,1,1,1,36153,1
9368,8,3,1,0,2,2,2,52500,2
9375,6,3,0,1,2,2,3,47500,4
9384,21,3,1,0,2,2,2,47500,2
9396,4,2,0,1,1,1,2,27500,3
9399,24,4,0,2,2,1,2,67500,2
9433,8,3,0,1,2,2,2,7500,2
9440,7,3,1,0,2,2,2,27500,2
9451,8,3,0,1,2,1,2,7500,1
9453,8,3,1,0,2,2,2,42500,3
9461,16,5,0,3,2,1,2,32100,3
9484,16,4,0,1,3,3,4,32100,4
9493,16,4,0,2,2,2,2,17500,1
9495,16,4,0,0,4,3,4,12500,3
9506,8,3,0,1,2,2,2,52500,3
9508,11,4,2,0,2,2,2,52500,2
9519,9,3,1,0,2,2,2,37500,2
9524,7,4,2,0,2,2,2,17500,2
9526,2,2,0,1,1,2,2,32100,1
9532,7,2,0,0,2,1,1,7500,1
9533,4,2,0,0,2,0,2,32100,3
9550,0,2,0,0,2,0,1,12500,2
9562,0,2,0,0,2,0,2,12500,1
9585,17,6,1,3,2,1,2,17500,2
9593,6,2,0,0,2,1,2,32500,2
9609,21,5,1,2,2,2,2,37500,3
9621,6,2,0,0,2,0,1,17500,1
9623,31,4,0,2,2,2,2,22500,4
9639,4,1,0,0,1,0,1,35789,0
9649,2,1,0,0,1,0,1,17500,2
9650,33,6,1,3,2,2,2,42500,2
9651,18,6,1,2,3,2,3,62500,2
9683,5,3,1,0,2,2,2,32500,2
9684,13,3,0,2,1,1,1,37500,2
9695,6,2,0,0,2,2,2,72500,4
9696,13,2,0,0,2,0,2,27500,2
9713,4,1,0,0,1,1,1,47500,1
9728,2,2,0,0,2,1,1,57500,2
9794,7,3,0,1,2,0,1,12500,1
9798,4,2,0,0,2,2,2,36153,2
9803,4,2,0,0,2,2,2,22500,2
9823,3,1,0,0,1,1,1,22500,1
9846,3,2,0,0,2,1,1,100000,1
9909,0,1,0,0,1,0,0,39593,0
9915,5,2,0,0,2,2,2,12500,2
9916,8,3,0,1,2,2,3,39593,4
9922,19,4,1,0,3,2,2,7500,1
9932,2,1,0,0,1,0,1,22500,1
9935,2,2,0,0,2,1,1,22500,0
9945,4,2,0,0,2,1,2,72500,3
9958,11,1,0,0,1,1,1,32500,1
9961,9,3,1,0,2,2,2,32500,2
9975,12,4,2,0,2,1,1,22500,3
10023,16,5,1,2,2,2,2,77500,2
10037,50,7,0,5,2,4,4,32100,4
10047,22,3,0,1,2,2,2,57500,2
10052,8,1,0,0,1,1,1,32100,2
10062,13,2,0,0,2,1,1,42500,3
10079,3,2,0,0,2,1,2,32100,2
10086,17,3,0,2,1,2,3,17500,3
10089,5,2,0,0,2,1,2,32100,2
10092,6,2,0,0,2,1,1,27500,2
10103,9,2,0,0,2,1,2,100000,4
10135,5,1,0,0,1,0,1,7500,1
10150,3,2,0,0,2,2,2,22500,1
10159,0,3,0,1,2,2,2,22500,3
10178,0,1,0,0,1,0,1,32100,1
10196,4,2,0,0,2,2,2,40565,2
10197,4,3,0,0,3,1,1,40565,3
10218,3,2,0,0,2,0,2,17500,1
10226,13,4,2,0,2,2,2,72500,2
10233,13,4,0,2,2,2,2,27500,2
10234,0,1,0,0,1,0,1,7500,1
10248,2,2,0,0,2,1,1,27500,1
10254,2,3,1,0,2,1,2,12500,1
10258,3,2,0,0,2,1,2,27500,3
10259,10,3,1,0,2,1,2,47500,3
10282,10,2,0,0,2,0,2,40565,1
10294,12,4,0,2,2,1,1,12500,2
10295,4,3,1,0,2,2,1,7500,0
10296,4,1,0,0,1,0,1,40565,3
10309,3,1,0,0,1,0,1,17500,0
10328,2,1,0,0,1,0,1,7500,1
10344,17,4,0,2,2,2,2,37500,2
10345,26,7,0,3,4,4,1,22500,1
10349,7,2,0,0,2,0,2,17500,1
10361,7,2,0,0,2,0,1,40565,2
10367,16,4,0,1,3,3,3,100000,5
10376,8,2,0,0,2,2,2,32500,2
10404,12,2,0,0,2,0,2,100000,1
10408,2,2,0,0,2,0,1,47500,2
10435,6,1,0,0,1,1,1,17500,1
10446,2,2,0,0,2,1,2,37500,2
10472,10,1,0,0,1,0,1,43371,1
10482,2,1,0,0,1,0,1,12500,1
10483,0,1,0,0,1,0,0,2500,0
10489,7,3,1,0,2,2,2,100000,2
10499,0,2,0,0,2,0,2,35571,1
10503,4,4,1,1,2,2,2,35571,2
10525,4,1,0,0,1,1,1,27500,1
10526,4,1,0,0,1,1,1,12500,1
10537,3,1,0,0,1,1,1,22500,1
10548,8,4,0,2,2,2,2,37500,1
10554,9,5,2,0,3,3,3,100000,3
10587,15,5,2,1,2,2,2,35571,2
10595,12,2,0,0,2,2,2,7500,2
10619,33,7,1,4,2,2,2,35571,2
10627,12,4,0,2,2,2,3,37500,4
10628,0,1,0,0,1,0,1,7500,1
10636,10,2,0,1,1,1,1,7500,1
10637,0,3,0,1,2,1,1,35571,1
10651,4,5,3,0,2,1,2,32500,2
10671,6,4,2,0,2,1,2,27500,2
10674,13,4,0,2,2,3,3,100000,4
10676,5,4,0,0,4,1,2,35571,2
10684,4,2,0,0,2,2,2,17500,2
10690,0,2,0,0,2,1,1,27500,2
10692,0,2,0,0,2,1,1,35571,2
10725,4,5,2,1,2,0,1,12500,1
10728,4,2,0,0,2,0,1,39593,3
10732,3,1,0,0,1,0,1,7500,1
10738,3,6,0,3,3,3,2,39593,2
10739,2,1,0,0,1,1,1,7500,1
10745,6,3,0,2,1,2,1,39593,1
10762,4,3,0,0,3,2,2,62500,3
10765,16,6,2,2,2,2,2,39593,2
10775,6,2,0,0,2,2,2,72500,2
10790,6,4,1,1,2,1,2,32500,2
10792,17,3,0,1,2,2,3,39593,3
10833,12,3,0,1,2,1,1,100000,2
10836,4,2,0,0,2,1,1,47500,3
10847,8,1,0,0,1,1,1,47500,1
10875,10,4,2,0,2,1,2,100000,2
10880,6,2,0,0,2,0,2,37500,2
10884,10,2,0,0,2,0,2,37500,2
10885,11,2,0,0,2,2,2,57500,2
10887,0,4,0,0,4,1,1,39593,3
10892,3,3,0,0,3,0,1,39593,1
10898,12,9,0,2,7,7,2,27500,1
10901,2,4,0,2,2,1,2,52500,3
10924,4,3,0,0,3,0,2,39593,3
10959,0,1,0,0,1,0,0,39593,0
10971,2,2,0,0,2,2,2,57500,2
10972,2,1,0,0,1,0,1,7500,1
10973,7,2,0,0,2,1,1,47500,2
10975,32,6,0,0,6,3,4,39593,4
10982,1,1,0,0,1,1,1,47500,1
10983,4,1,0,0,1,0,1,39593,1
10989,16,4,0,2,2,2,4,47500,4
10991,0,2,0,0,2,0,1,32500,1
10993,3,1,0,0,1,0,1,12500,2
11000,4,1,0,0,1,0,1,12500,1
11001,4,1,0,0,1,0,1,12500,1
11012,12,2,0,0,2,1,2,32665,2
11023,8,2,0,0,2,2,2,17500,2
11024,4,2,0,0,2,1,1,47500,3
11061,2,1,0,0,1,1,1,22500,1
11069,6,1,0,0,1,1,1,17500,2
11070,11,7,2,1,4,0,1,35571,1
11108,28,4,0,2,2,2,2,57500,2
11113,8,2,0,1,1,1,1,22500,1
11121,4,2,0,0,2,1,2,100000,2
11127,10,3,0,2,1,2,2,7500,1
11142,28,4,0,2,2,0,2,7500,2
11163,4,4,0,2,2,0,1,35571,3
11180,14,2,0,0,2,0,2,32500,2
11196,6,2,0,0,2,1,2,32100,2
11200,4,2,0,0,2,1,2,2500,3
11210,0,2,0,0,2,0,1,12500,2
11226,6,2,0,0,2,1,2,32100,2
11231,2,2,0,0,2,1,2,72500,2
11235,4,2,0,0,2,1,1,12500,1
11243,2,2,0,0,2,1,2,32100,1
11249,20,4,0,2,2,2,3,22500,2
11253,9,2,0,0,2,1,1,7500,1
11268,0,2,0,0,2,1,1,32100,3
11274,0,1,0,0,1,0,0,7500,0
11281,13,3,0,2,1,1,1,27500,1
11292,20,3,0,1,2,2,3,17500,3
11297,4,1,0,0,1,0,1,32100,1
11299,0,1,0,0,1,0,1,32100,1
11303,0,2,0,0,2,0,1,17500,1
11320,11,4,0,2,2,1,3,22500,2
11331,15,6,0,3,3,3,3,52500,3
11338,0,1,0,0,1,0,0,17500,1
11350,12,2,0,0,2,0,2,32100,2
11351,8,2,0,0,2,0,2,27500,1
11369,2,2,0,0,2,0,2,32100,1
11375,7,2,0,0,2,2,2,47500,2
11391,8,4,0,2,2,3,3,62500,3
11393,0,1,0,0,1,0,1,2500,1
11407,0,3,0,1,2,1,2,31005,2
11426,9,3,1,0,2,2,2,77500,2
11451,2,1,0,0,1,1,1,17500,1
11453,0,1,0,0,1,0,1,7500,1
11466,5,2,0,0,2,2,2,17500,2
11477,7,2,0,0,2,0,2,7500,2
11480,3,1,0,0,1,0,0,7500,0
11483,0,1,0,0,1,1,1,31005,2
11497,26,4,0,2,2,2,2,37500,2
11530,0,2,0,0,2,2,1,72500,3
11551,2,2,0,0,2,2,2,17500,2
11575,13,4,0,2,2,1,2,77500,2
11578,17,4,1,1,2,2,2,47500,2
11604,4,1,0,0,1,0,1,47500,1
11635,4,2,0,0,2,2,2,100000,3
11640,13,2,0,1,1,1,2,32500,2
11643,15,4,0,2,2,3,3,67500,2
11646,10,6,0,4,2,2,2,42500,2
11664,0,2,0,0,2,0,2,39593,0
11665,6,3,0,1,2,1,2,32500,2
11670,12,3,0,1,2,2,1,32500,2
11675,4,1,0,0,1,1,1,27500,1
11679,12,5,0,3,2,1,1,32500,3
11684,2,5,3,0,2,1,1,22500,2
11685,2,3,1,0,2,0,2,12500,2
11692,3,2,0,0,2,1,1,37500,3
11693,4,4,1,0,3,2,2,77500,3
11695,8,2,0,0,2,2,0,27500,0
11707,2,1,0,0,1,0,1,39593,2
11723,10,3,1,0,2,1,2,42500,2
11742,9,2,0,0,2,1,2,72500,2
11745,4,4,0,2,2,1,2,12500,1
11757,10,2,0,0,2,2,2,67500,3
11778,7,3,0,1,2,2,2,67500,3
11783,2,1,0,0,1,0,1,2500,1
11785,6,4,2,0,2,2,2,27500,2
11787,6,2,0,0,2,0,2,7500,2
11790,6,2,0,0,2,0,2,32100,2
11797,0,3,2,0,1,0,0,32100,0
11805,5,3,0,0,3,1,3,32100,2
11819,24,5,0,3,2,1,1,32100,1
11820,4,3,1,0,2,0,2,37500,2
11822,3,2,0,0,2,1,2,32100,2
11828,7,2,0,0,2,2,2,57500,3
11830,15,4,2,0,2,1,2,52500,2
11843,8,2,0,0,2,1,2,32100,4
11848,16,3,1,0,2,1,2,47500,2
11849,6,1,0,0,1,1,1,32500,1
11856,0,2,0,0,2,0,0,17500,0
11865,8,1,0,0,1,1,1,32100,1
11877,0,1,0,0,1,0,0,2500,0
11903,6,6,0,4,2,4,3,27500,3
11912,11,2,0,0,2,2,2,32500,2
11921,14,5,2,1,2,1,2,27500,2
11931,11,3,0,0,3,2,2,52500,3
11936,11,3,0,1,2,2,3,32500,3
11944,0,2,0,0,2,0,1,35789,1
11945,3,3,2,0,1,0,0,2500,0
11956,2,1,0,0,1,0,1,35789,1
11962,12,2,0,0,2,1,2,100000,2
11964,8,2,0,0,2,2,2,52500,2
11966,0,1,0,0,1,0,0,35789,0
11976,4,2,0,0,2,0,2,32665,1
11989,7,2,0,0,2,2,2,32665,2
11991,8,2,0,0,2,0,1,12500,1
11993,4,2,0,0,2,2,2,57500,2
12002,18,4,1,1,2,2,2,32665,2
12004,14,5,2,1,2,1,2,12500,2
12019,8,4,0,2,2,2,2,37500,2
12022,2,1,0,0,1,0,1,7500,1
12034,9,3,0,1,2,2,2,42500,1
12055,5,1,0,0,1,1,1,100000,1
12059,6,3,0,1,2,1,1,43371,2
12061,7,3,0,0,3,2,3,32500,2
12069,0,5,1,2,2,1,1,17500,1
12075,11,3,0,1,2,1,2,47500,2
12078,0,1,0,0,1,0,0,7500,0
12083,6,2,0,0,2,2,2,100000,3
12102,10,4,0,1,3,2,3,43371,2
12105,5,4,0,2,2,1,2,57500,1
12124,0,2,0,0,2,0,2,7500,1
12130,1,3,0,0,3,1,2,43371,1
12133,11,5,0,3,2,3,2,43371,2
12147,2,1,0,0,1,1,1,43371,2
12155,3,1,0,0,1,0,1,43371,1
12156,7,4,0,2,2,2,3,57500,2
12183,8,4,0,2,2,2,2,43371,2
12236,4,1,0,0,1,0,0,39593,0
12238,3,1,0,0,1,0,1,12500,1
12247,3,2,0,0,2,0,2,39593,1
12248,6,3,0,0,3,2,3,27500,3
12257,0,4,1,1,2,2,2,32500,1
12278,5,3,0,1,2,1,1,67500,3
12281,0,1,0,0,1,0,1,39593,1
12285,2,2,0,0,2,1,2,17500,2
12288,0,2,0,0,2,1,2,32100,2
12299,3,3,0,0,3,3,3,52500,3
12308,6,2,0,0,2,2,2,32100,2
12309,2,2,0,0,2,1,1,32100,1
12321,6,2,0,0,2,2,2,27500,2
12335,0,2,0,0,2,0,1,22500,2
12336,19,3,0,0,3,3,3,27500,3
12348,10,4,0,0,4,3,4,32100,3
12363,2,4,0,2,2,1,1,62500,3
12377,5,1,0,0,1,1,1,100000,2
12387,2,1,0,0,1,1,1,42500,2
12406,12,4,1,1,2,2,2,52500,2
12408,2,3,0,0,3,1,1,22500,2
12412,12,5,0,3,2,3,4,37500,4
12432,3,1,0,0,1,1,1,27500,1
12444,3,2,0,0,2,1,1,42500,3
12454,6,2,0,0,2,1,2,37500,2
12457,5,4,1,0,3,2,2,17500,1
12471,13,3,1,0,2,1,1,27500,1
12475,2,1,0,0,1,0,1,12500,1
12510,6,5,0,3,2,1,2,17500,1
12512,2,1,0,0,1,1,1,2500,0
12514,2,1,0,0,1,1,1,12500,0
12529,7,2,0,0,2,1,1,32500,2
12540,3,3,0,0,3,1,1,35571,3
12559,10,3,1,0,2,1,1,2500,1
12576,22,6,0,4,2,2,2,100000,3
12612,27,5,0,1,4,3,5,52500,5
12628,16,5,0,3,2,1,2,32500,1
12633,6,3,0,1,2,1,2,32500,2
12638,8,2,0,0,2,2,2,27500,2
12639,16,3,0,1,2,1,2,42500,2
12654,5,3,0,1,2,2,2,37500,2
12699,5,3,0,2,1,0,1,35571,1
12702,7,2,0,0,2,2,2,27500,2
12709,7,4,0,1,3,2,2,57500,2
12718,0,4,0,2,2,1,1,77500,2
12730,9,3,0,1,2,2,2,37500,2
12737,11,3,0,0,3,3,2,7500,2
12743,4,2,0,0,2,0,2,35571,1
12753,5,2,0,0,2,1,1,35571,1
12793,4,2,0,0,2,1,2,32665,2
12795,0,1,0,0,1,0,1,32665,1
12827,5,4,2,0,2,1,2,27500,2
12859,3,3,0,1,2,3,2,100000,2
12865,11,2,0,0,2,2,2,72500,2
12898,7,3,0,0,3,2,3,57500,2
12923,7,3,1,0,2,2,2,77500,1
12932,6,4,1,1,2,1,2,32500,2
12940,21,6,0,0,6,3,3,12500,2
12945,2,1,0,0,1,1,1,40565,2
12966,2,2,0,0,2,0,2,17500,1
12974,8,4,0,1,3,4,4,40565,4
12982,10,3,1,0,2,2,2,37500,2
13001,6,4,0,2,2,1,2,37500,1
13010,2,1,0,0,1,0,1,40565,1
13059,5,2,0,0,2,2,2,67500,2
13064,3,2,0,0,2,0,1,47500,2
13073,5,4,0,2,2,2,2,22500,2
13083,0,2,0,0,2,0,1,40565,0
13098,8,3,0,0,3,3,3,77500,3
13103,10,4,0,2,2,2,2,100000,2
13111,13,4,0,2,2,2,3,67500,3
13119,10,2,0,0,2,2,2,57500,2
13120,4,1,0,0,1,0,1,12500,1
13131,2,1,0,0,1,1,1,27500,1
13137,10,3,0,0,3,1,2,27500,2
13155,8,5,0,0,5,2,5,32500,5
13176,14,3,0,1,2,3,2,42500,2
13189,2,1,0,0,1,0,1,17500,1
13191,5,1,0,0,1,1,1,7500,1
13196,16,5,0,3,2,2,2,100000,2
13204,11,5,1,2,2,2,2,72500,2
13214,6,5,0,2,3,1,3,2500,2
13222,19,5,1,2,2,2,2,40565,2
13234,7,2,0,0,2,1,1,40565,2
13241,15,9,0,1,8,2,2,40565,3
13252,2,2,0,0,2,0,2,22500,1
13271,7,2,0,0,2,2,2,40565,2
13274,4,1,0,0,1,0,1,77500,1
13278,8,2,0,0,2,0,1,17500,1
13286,4,2,0,0,2,2,2,40565,2
13292,8,2,0,0,2,2,2,40565,2
13320,7,4,0,2,2,2,3,40565,2
13324,7,4,0,1,3,2,4,40565,3
13326,4,3,0,1,2,1,2,40565,1
13333,4,4,1,1,2,1,2,37500,3
13335,2,2,0,0,2,2,2,35571,2
13346,5,1,0,0,1,1,1,37500,1
13363,5,2,0,0,2,1,1,27500,1
13364,10,3,1,0,2,1,2,47500,2
13365,4,3,1,0,2,1,2,42500,2
13371,10,1,0,0,1,1,1,17500,1
13374,4,1,0,0,1,0,1,35571,2
13383,0,5,0,3,2,2,2,35571,1
13393,12,5,0,3,2,1,2,32500,2
13401,12,3,0,1,2,1,2,62500,3
13404,10,2,0,0,2,2,2,27500,1
13406,13,3,0,0,3,3,2,35571,3
13414,28,4,0,2,2,2,3,72500,3
13418,25,4,1,1,2,2,2,52500,2
13434,11,3,0,1,2,3,3,57500,3
13439,8,2,0,0,2,1,2,47500,2
13456,2,5,0,3,2,2,0,40565,0
13469,6,3,0,0,3,1,2,40565,2
13491,6,2,0,0,2,0,2,40565,2
13505,6,3,0,2,1,1,1,17500,1
13506,3,1,0,0,1,0,1,40565,1
13519,4,1,0,0,1,0,1,40565,1
13536,7,3,0,1,2,2,2,27500,3
13553,2,1,0,0,1,1,1,17500,1
13554,4,4,0,2,2,1,1,42500,1
13589,5,2,0,0,2,1,2,7500,2
13594,2,1,0,0,1,1,1,27500,1
13600,10,2,0,1,1,1,1,17500,1
13609,14,3,0,0,3,2,3,37500,3
13615,11,2,0,0,2,2,2,37500,4
13643,0,2,0,0,2,0,2,31005,2
13655,2,4,2,0,2,1,2,31005,2
13665,4,4,2,0,2,0,1,47500,2
13691,9,4,1,1,2,2,2,42500,2
13696,4,2,0,0,2,1,1,2500,1
13711,10,3,0,1,2,2,2,47500,2
13729,25,4,0,2,2,0,1,2500,1
13756,2,1,0,0,1,1,1,12500,1
13765,6,2,0,0,2,1,1,27500,1
13767,14,3,1,0,2,2,2,47500,2
13805,11,5,1,3,1,1,1,17500,1
13806,7,2,0,0,2,2,2,35789,3
13818,11,3,0,1,2,2,1,17500,4
13829,4,3,1,0,2,1,1,35789,1
13830,0,1,0,0,1,0,1,7500,0
13847,4,3,0,1,2,1,3,42500,2
13861,8,2,0,0,2,1,1,35789,2
13867,8,1,0,0,1,1,1,32500,1
13872,26,6,0,4,2,1,2,35789,2
13878,28,6,1,3,2,1,2,27500,2
13883,7,2,0,0,2,2,2,35789,2
13894,12,4,0,2,2,2,2,100000,2
13899,13,3,0,0,3,2,2,57500,3
13916,2,1,0,0,1,0,1,17500,1
13917,8,1,0,0,1,1,1,27500,1
13921,1,1,0,0,1,0,1,7500,1
13936,7,2,0,0,2,0,1,32500,2
13950,2,2,0,0,2,1,2,47500,2
13974,16,6,1,2,3,2,3,42500,3
13984,6,4,0,2,2,2,2,42500,3
14011,4,2,0,1,1,1,1,12500,1
14029,4,1,0,0,1,1,1,22500,1
14035,8,2,0,0,2,0,1,52500,2
14038,15,3,0,2,1,1,1,27500,1
14044,20,5,1,2,2,1,2,52500,2
14049,14,3,1,0,2,2,2,22500,1
14078,3,1,0,0,1,1,1,7500,1
14090,14,3,0,1,2,2,2,47500,4
14098,0,3,1,0,2,0,1,27500,2
14117,8,2,0,0,2,2,2,7500,2
14121,0,1,0,0,1,0,1,2500,1
14125,7,2,0,0,2,2,2,22500,1
14127,14,3,0,1,2,2,3,72500,3
14154,4,3,0,1,2,2,2,32500,2
14165,0,2,0,0,2,0,1,31005,0
14174,4,4,0,2,2,1,2,31005,2
14176,6,1,0,0,1,0,1,17500,1
14177,16,4,0,2,2,1,2,31005,3
14183,13,3,1,0,2,2,2,12500,2
14184,0,1,0,0,1,0,0,7500,0
14192,0,2,0,0,2,2,2,32500,2
14199,6,5,1,1,3,2,3,27500,2
14225,0,3,1,0,2,1,1,7500,1
14228,7,2,0,1,1,2,2,40565,1
14236,11,3,0,2,1,1,1,32500,1
14282,4,3,1,0,2,1,1,35571,1
14292,27,4,0,2,2,1,2,42500,2
14318,3,2,0,0,2,2,2,2500,2
14319,0,1,0,0,1,0,0,7500,0
14320,10,2,0,0,2,0,2,2500,1
14352,3,1,0,0,1,1,0,7500,0
14369,0,2,0,0,2,0,0,40565,0
14393,4,3,1,0,2,1,1,32500,2
14395,2,3,0,1,2,1,2,37500,1
14417,4,4,0,1,3,0,0,40565,2
14420,7,3,0,1,2,1,1,37500,3
14423,0,2,0,0,2,0,1,40565,2
14427,2,3,0,1,2,1,1,40565,1
14436,10,4,1,1,2,1,2,40565,2
14448,5,1,0,0,1,1,1,57500,1
14455,6,2,0,0,2,2,2,52500,3
14469,7,3,0,0,3,1,2,100000,3
14472,20,5,0,3,2,2,2,67500,2
14486,0,2,0,0,2,1,2,27500,2
14488,2,2,0,0,2,0,0,17500,1
14499,13,4,0,2,2,3,4,52500,4
14540,4,2,0,0,2,2,2,42500,2
14543,6,2,0,0,2,1,1,52500,2
14553,9,3,1,0,2,2,2,32665,2
14557,4,1,0,0,1,0,1,7500,0
14566,2,1,0,0,1,1,1,22500,1
14575,4,1,0,0,1,1,0,17500,0
14581,4,2,0,0,2,1,2,32500,1
14582,12,2,0,0,2,2,2,32665,1
14595,5,2,0,0,2,2,2,47500,2
14599,13,3,0,0,3,3,3,57500,2
14601,11,4,0,2,2,2,2,72500,2
14602,10,2,0,0,2,1,2,32500,2
14606,12,3,0,1,2,2,2,12500,2
14611,6,3,0,1,2,3,3,62500,3
14615,10,4,2,0,2,2,2,72500,2
14629,2,2,0,0,2,0,2,17500,1
14664,12,3,0,0,3,3,2,42500,2
14673,7,3,0,1,2,1,2,100000,2
14683,9,2,0,0,2,1,2,32500,1
14697,4,2,0,1,1,1,2,32500,1
14709,3,1,0,0,1,0,0,32500,0
14728,5,2,0,0,2,1,2,35571,2
14729,10,4,1,1,2,0,1,27500,1
14753,17,3,0,1,2,2,2,32500,2
14759,22,4,1,1,2,1,2,32500,3
14761,5,3,0,0,3,1,2,7500,1
14764,11,3,0,0,3,3,3,42500,3
14774,7,3,0,0,3,1,1,47500,2
14789,9,2,0,1,1,1,1,42500,1
14807,2,1,0,0,1,0,1,2500,1
14816,0,2,0,0,2,1,2,17500,3
14825,10,2,0,0,2,2,2,100000,2
14864,6,4,0,0,4,3,4,35571,4
14885,0,2,0,0,2,0,1,17500,1
14892,22,4,0,2,2,1,2,32500,4
14893,7,1,0,0,1,1,1,17500,1
14898,0,2,0,0,2,1,2,31005,2
14909,3,2,0,0,2,1,2,12500,1
14917,9,2,0,0,2,0,2,22500,2
14952,7,2,0,0,2,0,2,27500,2
14968,9,5,2,1,2,1,1,47500,3
14971,2,1,0,0,1,0,1,2500,1
14972,6,2,0,0,2,1,2,31005,2
14982,10,4,0,2,2,2,3,67500,3
14986,26,4,0,2,2,2,3,32500,3
14993,2,2,0,0,2,1,2,31005,1
15021,0,2,0,0,2,0,2,31005,1
15029,10,1,0,0,1,1,1,31005,2
15032,3,2,0,0,2,0,2,7500,2
15054,7,1,0,0,1,0,1,27500,1
15057,10,5,0,3,2,2,2,31005,3
15071,4,6,2,2,2,1,2,52500,1
15079,18,3,0,1,2,2,3,32500,2
15085,3,1,0,0,1,0,1,31005,1
15092,6,2,0,0,2,2,2,67500,3
15096,6,4,0,2,2,1,2,31005,3
15121,21,4,0,2,2,3,3,31005,2
15133,8,1,0,0,1,0,1,7500,1
15161,4,2,0,0,2,2,2,37500,2
15176,5,4,0,1,3,2,2,31005,4
15181,20,5,1,2,2,2,2,31005,1
15182,2,1,0,0,1,0,1,22500,1
15191,16,4,0,2,2,3,3,22500,3
15216,2,2,0,0,2,0,1,35571,2
15225,9,2,1,0,1,1,1,7500,1
15246,26,3,0,1,2,2,2,17500,2
15252,16,4,0,3,1,1,2,32500,2
15253,0,1,0,0,1,0,1,22500,1
15255,0,2,0,0,2,0,2,35571,1
15258,0,2,0,0,2,1,1,35571,1
15271,6,2,0,0,2,0,1,12500,1
15284,2,2,0,0,2,2,2,32500,2
15294,7,5,0,3,2,2,2,35571,3
15296,10,2,1,0,1,1,1,22500,1
15308,8,2,0,0,2,2,2,17500,1
15320,15,4,0,2,2,2,2,35571,3
15336,18,3,0,1,2,2,2,67500,3
15338,4,1,0,0,1,0,1,32500,1
15353,10,3,0,0,3,1,3,7500,2
15359,2,4,2,0,2,1,1,43371,1
15367,3,2,0,0,2,1,1,43371,1
15372,2,3,0,0,3,1,0,17500,1
15374,25,5,0,2,3,2,3,43371,3
15385,4,4,2,0,2,2,2,43371,1
15392,2,2,0,0,2,1,1,37500,2
15395,2,3,0,0,3,1,1,100000,3
15420,4,1,0,0,1,0,1,43371,1
15425,6,2,0,0,2,1,2,43371,2
15438,5,3,0,1,2,2,2,52500,2
15476,2,1,0,0,1,1,1,22500,1
15499,4,2,0,0,2,1,1,37500,2
15511,5,2,0,0,2,2,2,52500,1
15536,6,2,0,0,2,1,2,27500,2
15538,5,2,0,0,2,0,2,17500,2
15550,0,1,0,0,1,0,1,32500,1
15566,3,2,0,0,2,1,2,35571,1
15568,3,4,0,2,2,2,2,37500,2
15570,21,4,2,0,2,2,2,77500,2
15574,0,1,0,0,1,0,1,17500,1
15575,4,2,0,0,2,1,1,35571,3
15588,4,2,0,0,2,0,2,35571,2
15610,10,4,0,2,2,0,1,39593,2
15621,0,1,0,0,1,0,0,7500,0
15646,4,5,0,1,4,2,3,39593,4
15649,29,4,0,2,2,2,2,47500,2
15655,16,3,0,2,1,1,1,17500,1
15681,0,1,0,0,1,0,1,39593,1
15691,6,4,0,2,2,2,1,39593,2
15692,9,2,0,1,1,0,1,12500,1
15705,6,5,0,3,2,3,2,27500,2
15716,3,4,0,0,4,4,3,52500,2
15722,4,3,1,0,2,2,2,39593,2
15736,11,3,0,0,3,2,2,17500,2
15755,9,7,1,0,6,1,2,100000,8
15760,10,3,0,1,2,3,3,77500,3
15771,5,2,0,0,2,1,1,39593,2
15795,15,5,1,2,2,2,2,100000,2
15798,15,6,0,4,2,2,3,42500,3
15799,20,3,1,0,2,2,2,42500,2
15800,2,2,0,0,2,1,1,7500,2
15834,12,3,1,0,2,1,2,22500,2
15841,18,3,0,0,3,3,3,62500,2
15843,6,2,0,0,2,0,2,39593,2
15851,0,2,0,0,2,0,1,32665,1
15856,7,6,0,4,2,0,3,32665,3
15873,0,5,3,0,2,0,0,42500,1
15876,15,4,1,1,2,2,2,17500,1
15901,3,4,0,2,2,2,2,7500,4
15916,4,1,0,0,1,0,1,12500,1
15917,3,1,0,0,1,1,1,27500,1
15940,0,2,0,1,1,1,1,47500,2
15946,16,5,0,3,2,1,1,57500,2
15969,3,2,0,1,1,1,1,32500,1
15973,7,2,0,0,2,1,1,67500,2
15975,6,2,0,0,2,1,2,35789,3
15997,0,2,0,0,2,0,1,7500,1
16002,2,2,0,1,1,1,1,42500,2
16008,13,1,0,0,1,1,1,27500,1
16011,9,3,0,0,3,3,3,47500,2
16014,7,3,0,1,2,2,2,57500,1
16017,16,4,0,2,2,4,0,17500,0
16021,8,3,0,1,2,2,2,100000,3
16028,4,1,0,0,1,1,1,17500,1
16054,7,3,1,0,2,1,2,27500,2
16056,0,2,0,0,2,0,1,42500,1
16063,6,4,2,0,2,1,2,22500,2
16064,5,1,0,0,1,1,1,36153,1
16077,0,4,0,0,4,2,2,17500,0
16078,8,2,0,1,1,1,1,36153,1
16083,11,2,0,0,2,2,2,67500,2
16115,7,3,1,0,2,2,2,47500,1
16131,8,2,0,0,2,1,2,27500,2
16142,4,3,0,1,2,2,2,27500,2
16157,12,5,0,3,2,1,2,22500,2
16198,4,2,0,0,2,0,2,36153,1
16203,12,3,1,0,2,2,2,36153,2
16214,0,1,0,0,1,1,1,37500,1
16216,0,2,0,0,2,2,2,36153,1
16221,1,2,0,0,2,1,2,27500,3
16226,7,4,0,1,3,1,3,37500,2
16234,7,3,0,0,3,3,3,36153,3
16237,18,4,2,0,2,1,2,47500,2
16270,2,1,0,0,1,0,1,12500,1
16279,2,2,0,0,2,2,2,36153,2
16291,4,4,1,1,2,2,2,36153,2
16321,18,6,1,1,4,5,5,36153,5
16322,3,1,0,0,1,1,1,22500,1
16329,14,2,0,0,2,2,1,32500,1
16334,12,5,0,3,2,2,3,32500,4
16356,4,2,0,0,2,2,2,27500,2
16361,5,2,0,0,2,0,2,12500,1
16366,7,5,0,1,4,5,5,62500,6
16370,13,4,2,0,2,1,2,12500,2
16377,5,3,0,1,2,1,3,36153,4
16381,15,4,1,1,2,1,2,36153,3
16388,12,2,0,0,2,2,2,52500,2
16413,4,2,0,0,2,2,2,32500,2
16416,13,6,1,2,3,4,3,32500,5
16432,2,4,1,1,2,1,1,42500,2
16464,4,2,0,0,2,2,2,17500,3
16469,3,1,0,0,1,0,1,7500,1
16537,0,2,0,0,2,0,1,17500,2
16544,8,2,0,0,2,1,1,22500,2
16557,7,3,0,2,1,1,1,7500,1
16576,4,1,0,0,1,0,0,27500,0
16590,6,1,0,0,1,0,1,37500,1
16610,9,5,1,2,2,1,2,72500,2
16640,14,4,0,1,3,4,4,37500,3
16643,4,5,3,0,2,1,2,52500,2
16645,3,1,0,0,1,1,1,42500,1
16662,9,3,0,2,1,2,3,35571,3
16701,4,2,0,0,2,0,1,42500,2
16706,6,4,1,1,2,1,2,57500,2
16708,4,1,0,0,1,1,1,42500,1
16735,6,1,0,0,1,1,1,35571,1
16813,10,1,0,0,1,0,1,12500,1
16835,12,4,1,1,2,2,2,32100,2
16851,4,3,0,0,3,2,3,32100,3
16858,10,4,0,2,2,1,1,32100,2
16863,28,4,0,2,2,1,1,42500,4
16865,10,3,0,1,2,1,2,62500,2
16868,2,3,0,0,3,0,3,17500,4
16883,5,2,0,0,2,0,2,32100,2
16884,3,2,1,0,1,0,1,7500,1
16897,14,5,0,3,2,2,2,37500,2
16898,4,2,0,0,2,2,2,17500,2
16900,0,3,0,0,3,1,1,42500,3
16910,19,5,0,2,3,2,3,27500,3
16913,24,5,1,2,2,2,1,37500,2
16925,8,4,0,2,2,1,1,32100,2
16933,3,1,0,0,1,0,1,12500,1
16936,3,3,0,0,3,2,3,32500,3
16959,10,5,2,1,2,1,2,57500,2
16960,8,1,0,0,1,1,1,27500,1
16964,12,2,0,0,2,2,2,32100,1
16971,11,3,1,0,2,2,2,52500,2
17000,2,1,0,0,1,0,0,32100,0
17009,5,4,1,0,3,1,1,12500,1
17019,17,5,1,2,2,1,2,72500,3
17044,8,2,0,0,2,2,2,57500,2
17045,8,2,0,0,2,2,2,57500,2
17063,4,2,0,0,2,2,2,39593,1
17072,5,1,0,0,1,1,1,72500,1
17076,5,1,0,0,1,0,1,7500,1
17080,8,3,1,0,2,1,1,67500,2
17086,11,2,0,0,2,2,2,57500,2
17087,17,5,1,2,2,3,3,62500,3
17110,19,5,0,2,3,4,4,67500,4
17112,2,3,0,0,3,1,1,39593,1
17125,0,2,0,0,2,1,2,42500,2
17131,0,1,0,0,1,0,0,12500,0
17133,0,1,0,0,1,0,1,17500,1
17145,4,2,0,0,2,0,2,32500,2
17149,23,5,1,2,2,1,1,17500,2
17157,12,4,0,2,2,2,2,62500,2
17159,7,3,1,0,2,2,2,100000,2
17183,7,4,0,2,2,1,1,42500,2
17204,4,2,0,0,2,0,1,17500,1
17205,6,4,0,0,4,0,4,17500,4
17218,6,2,0,0,2,2,2,57500,2
17221,15,5,1,3,1,0,1,7500,1
17226,2,3,0,0,3,0,2,39593,3
17290,0,1,0,0,1,1,1,2500,0
17299,8,1,0,0,1,1,1,27500,1
17303,10,4,1,1,2,2,2,32500,1
17315,7,2,0,0,2,0,2,100000,4
17322,5,4,0,2,2,3,3,7500,2
17328,2,2,0,0,2,1,1,67500,1
17342,12,4,0,1,3,1,2,12500,2
17368,34,5,0,2,3,3,3,42500,3
17398,22,5,1,2,2,2,2,62500,2
17416,4,2,0,0,2,2,2,27500,2
17426,12,5,1,2,2,1,2,37500,2
17432,3,3,1,0,2,2,2,32500,2
17436,2,2,0,0,2,1,2,100000,3
17439,4,3,0,1,2,2,2,35571,3
17484,2,2,0,0,2,0,1,12500,1
17508,16,3,0,1,2,3,3,67500,2
17516,18,4,0,1,3,3,3,40565,4
17521,4,3,1,0,2,2,2,57500,2
17530,9,2,0,0,2,2,2,40565,2
17533,8,2,0,0,2,2,2,40565,3
17542,3,2,1,0,1,1,0,12500,0
17548,2,3,0,1,2,3,3,40565,3
17549,4,1,0,0,1,0,1,7500,1
17550,5,2,0,0,2,0,1,22500,1
17558,15,3,0,0,3,2,3,42500,3
17561,3,1,0,0,1,0,1,40565,1
17600,2,4,2,0,2,1,1,47500,2
17656,8,2,0,1,1,2,2,62500,2
17658,9,1,0,0,1,0,1,7500,1
17669,0,1,0,0,1,0,0,2500,0
17692,4,1,0,0,1,1,1,42500,2
17703,4,2,1,0,1,1,1,40565,1
17705,4,2,0,0,2,2,2,52500,2
17720,4,4,0,2,2,0,1,27500,2
17751,8,3,0,1,2,2,2,72500,4
17756,16,2,0,1,1,1,2,40565,2
17761,8,2,0,0,2,0,2,57500,2
17766,22,4,0,2,2,2,3,27500,4
17767,2,1,0,0,1,1,1,100000,1
17783,15,4,0,0,4,3,3,47500,3
17792,4,2,0,0,2,0,2,40565,1
17796,4,2,0,0,2,2,2,37500,2
17797,10,5,2,1,2,1,2,40565,2
17815,8,2,0,0,2,1,2,57500,2
17817,26,8,2,4,2,1,1,62500,2
17826,8,4,0,2,2,2,2,40565,4
17831,22,4,0,2,2,2,2,52500,3
17852,8,4,0,2,2,2,2,42500,2
17859,1,2,0,0,2,0,0,7500,0
17860,4,1,0,0,1,0,1,40565,1
17869,2,1,0,0,1,1,1,22500,1
17893,9,4,1,1,2,2,2,37500,2
17928,8,2,0,0,2,1,1,40565,2
17929,8,2,0,0,2,1,1,40565,2
17943,20,4,0,2,2,2,2,77500,1
17972,2,3,0,1,2,0,1,27500,1
17974,4,4,0,1,3,1,0,17500,1
17989,3,1,0,0,1,1,0,17500,0
18004,2,1,0,0,1,0,1,2500,1
18009,2,3,0,1,2,1,2,67500,2
18010,14,5,0,3,2,2,2,72500,2
18016,5,1,0,0,1,0,1,32500,1
18037,10,5,1,1,3,1,1,40565,1
18043,4,2,0,0,2,1,1,12500,0
18048,5,3,0,0,3,2,3,7500,2
18080,5,3,1,0,2,1,1,40565,1
18110,5,3,0,0,3,0,1,40565,1
18118,12,5,0,3,2,2,2,40565,1
18130,2,3,0,0,3,0,1,40565,4
18131,5,2,0,0,2,0,2,40565,0
18136,2,1,0,0,1,1,1,57500,1
18148,6,2,0,0,2,0,1,100000,2
18151,0,1,0,0,1,1,1,62500,1
18153,14,3,1,0,2,1,1,67500,1
18159,4,2,0,0,2,1,1,40565,0
18163,7,4,0,2,2,3,4,47500,1
18180,0,1,0,0,1,0,0,42500,0
18197,0,1,0,0,1,0,1,7500,0
18201,2,2,0,0,2,2,1,57500,2
18214,4,1,0,0,1,1,1,62500,1
18258,10,2,1,0,1,1,0,37500,0
18303,8,8,2,2,4,2,1,72500,2
18312,6,3,0,0,3,2,1,40565,1
18340,8,4,0,0,4,2,1,40565,1
18354,6,2,0,0,2,1,2,42500,1
18362,6,1,0,0,1,1,1,17500,1
18366,11,4,0,2,2,2,2,42500,1
18372,11,4,0,2,2,2,2,42500,1
18374,0,1,0,0,1,0,1,52500,0
18413,2,6,0,3,3,2,0,12500,0
18437,1,1,0,0,1,0,1,40565,1
18457,2,1,0,0,1,1,0,2500,0
18462,2,2,0,0,2,0,1,40565,1
18475,0,4,0,0,4,1,2,40565,3
18477,4,1,0,0,1,1,1,27500,0
18479,11,2,0,0,2,1,1,40565,1
18513,16,3,0,1,2,2,2,67500,2
18514,6,2,0,0,2,0,2,27500,1
18519,9,3,1,0,2,1,1,40565,1
18537,2,4,1,1,2,1,1,40565,2
18539,3,2,0,0,2,1,1,67500,1
18545,11,5,2,1,2,2,2,40565,2
18550,13,4,0,1,3,1,1,37500,0
18551,8,2,0,0,2,2,2,67500,1
18558,2,2,0,0,2,0,0,17500,0
18564,15,3,0,1,2,2,2,100000,3
18566,4,2,0,0,2,0,2,27500,2
18606,2,2,0,0,2,1,2,35789,2
18618,5,1,0,0,1,1,1,37500,1
18644,5,3,2,0,1,1,1,32500,1
18654,14,2,0,0,2,2,2,67500,1
18656,10,3,0,0,3,0,3,35789,1
18684,0,1,0,0,1,0,1,35789,2
18685,2,1,0,0,1,1,1,17500,1
18695,31,5,0,3,2,3,4,42500,3
18697,8,3,0,0,3,3,3,37500,3
18699,4,2,0,0,2,0,2,12500,2
18701,4,1,0,0,1,1,1,37500,2
18716,4,2,0,0,2,1,1,52500,2
18721,7,1,0,0,1,1,1,22500,1
18725,7,3,0,1,2,1,1,43371,2
18735,21,6,0,4,2,1,2,7500,2
18739,15,4,2,0,2,2,2,32500,2
18752,2,1,0,0,1,0,1,7500,0
18760,4,1,0,0,1,0,1,36153,3
18809,2,1,0,0,1,0,1,7500,1
18812,0,1,0,0,1,0,1,7500,1
18813,29,4,0,2,2,2,2,57500,2
18821,4,7,0,3,4,2,1,36153,1
18822,5,2,0,0,2,1,2,22500,2
18839,1,2,0,0,2,1,2,22500,2
18875,10,3,0,1,2,3,3,36153,4
18876,2,2,0,0,2,0,2,36153,2
18882,5,2,0,0,2,0,2,37500,2
18888,8,3,0,1,2,1,2,12500,1
18892,24,3,0,1,2,2,2,47500,2
18915,15,3,0,0,3,3,3,22500,3
18921,2,2,0,0,2,2,2,37500,2
18925,4,2,0,0,2,1,2,37500,2
18934,5,2,0,0,2,1,2,37500,3
18935,6,3,0,1,2,2,2,32500,2
18968,22,4,0,0,4,1,3,100000,5
18996,2,1,0,0,1,0,0,2500,0
19004,0,1,0,0,1,0,1,27500,1
19023,9,2,0,0,2,2,2,100000,2
19027,0,1,0,0,1,1,1,27500,1
19029,6,2,0,1,1,1,1,32500,1
19030,2,2,0,0,2,1,2,7500,1
19056,2,2,0,0,2,1,1,17500,2
19080,2,2,0,0,2,0,2,36153,2
19082,4,2,0,0,2,1,1,36153,1
19087,14,3,0,1,2,2,3,47500,3
19095,3,3,0,0,3,3,2,36153,3
19112,0,2,0,0,2,0,1,42500,1
19122,2,1,0,0,1,0,1,7500,1
19123,9,3,0,0,3,0,3,36153,2
19147,12,3,1,0,2,2,2,37500,2
19148,12,3,1,0,2,2,2,37500,2
19172,13,3,0,1,2,1,2,67500,2
19184,2,1,0,0,1,0,1,12500,0
19197,4,2,0,0,2,1,2,36153,1
19211,9,2,0,0,2,2,2,12500,5
19222,11,6,1,1,4,2,2,39593,3
19231,2,4,2,0,2,1,2,17500,1
19234,20,6,1,2,3,3,2,39593,2
19246,2,2,0,0,2,2,2,39593,3
19247,3,2,0,0,2,2,2,32500,2
19248,20,5,2,1,2,2,2,32500,2
19255,2,1,0,0,1,1,1,22500,1
19258,13,2,0,0,2,2,2,57500,2
19310,10,2,0,0,2,2,2,62500,3
19319,13,3,0,1,2,0,2,7500,2
19322,4,4,0,2,2,1,1,67500,2
19324,53,6,2,2,2,2,2,27500,2
19326,10,4,1,1,2,1,2,39593,2
19335,2,1,0,0,1,0,1,7500,1
19345,0,1,0,0,1,0,1,17500,4
19373,14,5,1,3,1,1,1,7500,1
19379,3,3,0,1,2,1,2,42500,4
19382,0,1,0,0,1,0,1,27500,3
19389,0,1,0,0,1,0,1,32100,1
19391,8,2,0,0,2,2,2,67500,4
19405,6,1,0,0,1,0,1,2500,1
19413,2,1,0,0,1,1,1,7500,1
19445,2,2,0,0,2,1,1,67500,1
19456,9,4,0,0,4,0,2,39593,3
19465,14,4,0,0,4,3,3,32500,3
19470,7,2,0,0,2,1,1,22500,2
19474,8,3,0,1,2,2,3,100000,1
19495,9,2,0,0,2,2,2,17500,2
19501,16,4,0,2,2,2,3,100000,4
19506,8,1,0,0,1,1,1,35571,1
19552,13,3,0,1,2,2,2,42500,3
19553,14,4,0,2,2,2,2,22500,3
19559,4,1,0,0,1,0,1,22500,1
19561,4,1,0,0,1,1,1,27500,2
19562,4,2,0,0,2,2,2,22500,1
19578,8,3,1,0,2,1,2,100000,2
19581,8,3,0,0,3,0,2,100000,2
19595,13,3,0,0,3,3,3,36153,3
19611,8,4,0,1,3,2,2,17500,2
19613,4,1,0,0,1,1,1,7500,1
19615,12,2,0,0,2,0,2,36153,1
19626,10,2,0,0,2,0,2,36153,2
19650,13,3,0,2,1,2,3,67500,2
19652,2,2,0,0,2,2,2,22500,2
19664,7,5,0,2,3,3,3,17500,2
19669,4,1,0,0,1,0,1,12500,1
19694,17,5,0,3,2,4,4,36153,3
19743,7,1,0,0,1,1,1,17500,1
19785,0,1,0,0,1,0,1,7500,1
19789,5,2,0,0,2,2,2,36153,1
19797,2,2,0,0,2,0,2,36153,2
19802,2,1,0,0,1,1,1,27500,2
19811,2,2,0,0,2,0,2,27500,2
19820,17,2,0,0,2,2,2,57500,2
19823,8,2,0,1,1,0,2,32500,2
19842,14,3,0,1,2,2,2,52500,2
19859,0,1,0,0,1,0,0,7500,0
19894,2,4,1,1,2,1,2,47500,2
19896,6,1,0,0,1,1,1,27500,1
19898,7,2,0,0,2,1,2,52500,2
19904,8,2,0,0,2,0,2,17500,2
19914,11,3,0,0,3,2,2,37500,3
19921,2,1,0,0,1,1,1,27500,2
19923,0,2,0,0,2,2,2,40565,2
19941,0,1,0,0,1,0,1,7500,1
19971,2,1,0,0,1,0,1,37500,1
19972,4,2,0,0,2,0,2,32500,2
19976,9,3,0,1,2,1,1,72500,2
19991,22,9,1,3,5,4,5,42500,5
20010,8,2,0,0,2,0,2,35571,2
20011,10,4,0,0,4,4,4,100000,6
20028,14,4,0,2,2,3,3,37500,3
20033,4,5,1,2,2,1,2,35571,3
20035,2,4,2,0,2,2,2,42500,1
20050,0,2,0,1,1,1,1,2500,1
20057,2,2,0,0,2,1,2,17500,2
20068,10,2,0,0,2,1,2,27500,2
20098,0,1,0,0,1,1,1,22500,2
20103,7,2,0,0,2,1,2,32665,2
20106,2,2,0,0,2,1,2,57500,2
20118,4,2,0,1,1,1,1,17500,1
20123,6,3,0,0,3,2,3,47500,2
20125,9,1,0,0,1,1,1,17500,1
20135,2,1,0,0,1,1,1,12500,0
20156,2,1,0,0,1,0,0,17500,1
20164,4,2,0,0,2,1,1,32665,3
20166,2,1,0,0,1,1,1,37500,1
20188,5,2,0,0,2,2,2,57500,2
20190,6,3,0,0,3,0,1,32665,1
20198,4,4,0,2,2,2,2,32665,2
20199,13,5,1,2,2,1,1,57500,2
20224,8,4,1,1,2,2,2,42500,2
20226,7,6,0,1,5,5,5,67500,4
20246,10,2,0,0,2,2,2,32100,2
20249,11,4,1,1,2,3,3,52500,5
20252,10,2,0,0,2,2,2,32500,2
20254,23,4,0,0,4,3,4,100000,5
20255,17,4,0,2,2,1,2,47500,3
20257,0,4,2,0,2,1,2,37500,3
20278,11,4,0,0,4,3,3,17500,2
20279,19,5,0,0,5,1,3,52500,4
20291,6,3,0,1,2,1,2,32100,2
20329,4,1,0,0,1,1,1,12500,1
20346,18,3,1,0,2,1,2,42500,1
20347,9,2,0,1,1,0,1,2500,1
20352,13,2,0,0,2,2,2,47500,2
20360,0,1,0,0,1,0,0,12500,0
20363,8,2,0,0,2,0,2,12500,2
20369,21,5,2,1,2,1,2,22500,1
20409,5,4,2,0,2,1,2,12500,1
20417,18,3,0,1,2,2,2,22500,2
20420,0,1,0,0,1,1,1,17500,1
20421,12,2,0,0,2,2,2,27500,1
20424,8,4,2,0,2,1,2,27500,2
20432,12,3,0,1,2,2,2,39593,2
20463,2,4,0,2,2,1,1,39593,2
20471,4,5,0,3,2,2,2,100000,4
20506,2,1,0,0,1,1,1,39593,1
20557,2,1,0,0,1,1,1,22500,1
20583,11,4,0,2,2,1,3,42500,2
20596,8,4,1,1,2,2,2,37500,2
20613,6,2,0,0,2,1,1,100000,1
20618,7,4,0,0,4,0,1,47500,1
20620,10,1,0,0,1,1,1,37500,1
20630,11,2,0,0,2,2,2,22500,1
20644,0,2,0,0,2,0,2,31005,2
20651,1,1,0,0,1,0,0,31005,0
20674,2,1,0,0,1,1,1,32500,2
20691,2,4,0,2,2,1,2,31005,2
20722,14,4,0,0,4,3,3,57500,5
20747,0,2,0,0,2,1,1,36153,1
20756,9,2,0,0,2,2,2,36153,2
20762,15,3,0,2,1,1,2,12500,2
20768,16,6,2,2,2,0,1,100000,2
20770,6,2,0,0,2,2,2,36153,1
20771,12,3,0,0,3,0,1,12500,3
20774,6,1,0,0,1,0,1,37500,1
20778,4,2,0,0,2,0,1,17500,1
20785,7,4,1,1,2,2,2,36153,2
20786,2,2,0,0,2,1,1,27500,2
20793,7,2,0,0,2,0,2,100000,2
20794,6,3,2,0,1,1,1,22500,1
20798,2,1,0,0,1,1,1,7500,1
20802,2,2,0,0,2,1,1,52500,2
20809,0,2,0,0,2,0,1,36153,1
20813,7,4,0,2,2,2,1,17500,1
20815,10,2,0,1,1,1,1,17500,1
20833,0,2,0,0,2,0,2,12500,2
20840,2,4,0,1,3,1,3,36153,3
20873,3,2,0,0,2,1,1,37500,2
20883,12,3,0,1,2,1,2,37500,2
20892,19,5,0,3,2,1,2,2500,2
20901,2,2,0,0,2,0,2,32500,1
20922,0,1,0,0,1,0,1,36153,0
20927,18,5,0,2,3,4,4,36153,5
20946,0,2,0,0,2,0,1,36153,1
20960,9,1,0,0,1,1,1,22500,1
20961,2,2,0,0,2,1,1,36153,2
20963,20,3,0,1,2,1,2,17500,1
20979,0,3,0,0,3,0,1,36153,3
20982,14,1,0,0,1,1,0,2500,0
20984,0,1,0,0,1,0,0,36153,0
20985,2,3,1,0,2,1,2,7500,2
20995,12,2,0,0,2,2,2,12500,0
20996,7,2,1,0,1,0,1,12500,1
21010,0,2,0,0,2,0,0,35571,1
21013,10,5,0,3,2,1,3,62500,2
21044,8,2,0,1,1,1,0,39593,0
21046,7,2,0,0,2,2,2,57500,2
21058,7,5,0,3,2,2,2,72500,2
21087,6,1,0,0,1,0,1,17500,1
21093,4,1,0,0,1,0,1,36153,1
21096,28,4,0,2,2,2,2,36153,2
21124,11,2,0,0,2,1,1,47500,1
21126,13,4,0,0,4,3,4,47500,4
21135,0,2,0,0,2,1,2,36153,3
21143,2,1,0,0,1,1,1,17500,5
21170,4,3,0,2,1,1,1,36153,1
21174,6,4,2,0,2,2,2,52500,4
21175,26,5,1,1,3,3,4,57500,5
21182,17,2,0,0,2,2,2,42500,3
21199,6,2,0,0,2,1,1,47500,2
21202,8,3,0,1,2,2,2,12500,2
21212,10,2,0,1,1,1,1,12500,1
21213,4,4,2,1,1,0,0,2500,0
21237,3,1,0,0,1,1,1,52500,2
21238,0,1,0,0,1,0,1,32500,1
21239,0,1,0,0,1,0,1,32500,1
21250,5,2,0,0,2,2,2,17500,3
21262,5,1,0,0,1,0,1,32500,2
21263,13,7,2,1,4,2,4,32665,4
21264,14,4,1,1,2,0,1,37500,1
21299,35,4,0,2,2,2,2,57500,2
21323,11,5,1,2,2,2,2,67500,3
21328,2,4,2,0,2,1,2,100000,2
21338,8,5,0,2,3,2,4,40565,4
21350,6,3,0,0,3,2,2,47500,3
21355,20,4,0,2,2,1,2,100000,3
21373,2,1,0,0,1,0,1,17500,1
21389,6,3,0,1,2,2,2,32500,2
21390,4,2,0,0,2,2,2,40565,2
21409,2,2,0,0,2,0,2,40565,1
21423,4,1,0,0,1,0,1,2500,0
21427,1,2,0,0,2,0,2,40565,1
21429,6,4,0,2,2,1,2,57500,3
21431,14,4,0,3,1,1,1,27500,1
21434,2,2,0,0,2,1,1,57500,1
21436,8,5,2,1,2,2,2,100000,2
21452,6,2,0,0,2,2,2,47500,1
21456,7,2,0,0,2,2,2,67500,2
21487,5,2,0,0,2,1,2,47500,2
21509,6,4,0,1,3,3,3,100000,7
21514,5,2,0,0,2,1,2,32500,2
21540,9,3,0,0,3,2,3,67500,2
21552,2,1,0,0,1,0,1,40565,1
21555,6,2,0,0,2,1,1,77500,3
21557,3,1,0,0,1,1,1,57500,1
21558,5,1,0,0,1,1,1,40565,1
21614,3,5,0,1,4,1,2,100000,5
21637,5,2,0,0,2,2,2,40565,2
21638,0,1,0,0,1,0,1,40565,1
21641,7,4,0,2,2,2,2,62500,2
21645,6,4,2,0,2,1,1,100000,2
21650,7,3,0,1,2,1,3,62500,3
21659,14,2,0,0,2,0,1,22500,1
21669,0,1,0,0,1,0,1,7500,1
21673,28,5,0,3,2,3,3,100000,3
21714,8,1,0,0,1,0,1,32100,1
21721,17,5,1,3,1,0,2,100000,1
21722,21,3,0,1,2,1,3,77500,3
21723,2,1,0,0,1,0,1,67500,3
21729,2,2,0,0,2,1,2,37500,3
21762,2,1,0,0,1,0,1,17500,1
21771,9,4,2,0,2,2,2,17500,2
21780,9,3,0,1,2,2,3,22500,3
21790,16,2,0,0,2,1,2,39593,1
21793,11,3,0,1,2,2,2,52500,2
21803,2,2,0,0,2,1,1,39593,1
21806,4,2,0,0,2,2,2,39593,2
21808,6,3,0,1,2,1,2,12500,1
21816,2,2,0,0,2,0,2,22500,2
21818,8,4,1,1,2,2,2,39593,2
21824,6,2,0,0,2,2,2,7500,2
21826,27,6,0,4,2,2,3,39593,3
21847,4,2,0,0,2,1,1,39593,2
21866,24,4,0,2,2,0,1,47500,2
21876,6,3,0,1,2,1,2,42500,2
21894,5,2,0,1,1,1,0,7500,0
21895,11,4,0,2,2,1,2,37500,5
21901,4,3,0,0,3,0,3,100000,4
21921,3,1,0,0,1,0,1,2500,1
21922,4,2,0,0,2,1,1,17500,1
21923,4,2,0,0,2,2,2,47500,2
21924,4,3,0,1,2,1,3,32100,2
21926,13,5,1,2,2,1,3,57500,2
21940,10,2,0,0,2,2,2,37500,2
21975,11,2,0,0,2,0,2,32500,2
21994,0,2,0,0,2,0,2,32100,2
21999,4,3,1,0,2,2,2,36153,3
22005,11,3,0,0,3,1,3,12500,3
22034,8,6,0,4,2,1,2,12500,2
22045,9,2,0,0,2,2,2,27500,2
22068,3,1,0,0,1,1,0,7500,0
22072,5,2,0,0,2,0,1,7500,1
22076,18,3,0,0,3,0,2,12500,3
22092,9,3,0,0,3,2,3,32500,2
22100,12,5,0,3,2,1,2,36153,3
22107,0,1,0,0,1,0,0,36153,0
22110,0,3,1,1,1,1,1,2500,1
22112,4,2,0,0,2,2,2,42500,2
22127,14,3,0,1,2,2,2,37500,2
22131,4,1,0,0,1,1,1,36153,1
22135,23,5,2,1,2,2,2,52500,3
22140,5,3,0,1,2,0,2,37500,3
22143,12,3,0,1,2,2,2,36153,2
22146,3,1,0,0,1,0,1,36153,1
22163,6,1,0,0,1,0,1,17500,1
22207,15,2,0,0,2,2,2,27500,1
22280,3,4,0,2,2,1,2,32500,2
22291,5,3,0,1,2,2,3,52500,2
22296,8,3,0,1,2,2,2,57500,2
22299,0,1,0,0,1,0,0,2500,0
22303,0,2,0,0,2,1,1,12500,1
